SMILES,labell,
CCC1(C2=C(COC1=O)C(=O)N3CC4=CC5=C(C=CC=C5O)N=C4C3=C2)O,1,
CNCCC=C1C2=CC=CC=C2CC(C3=CC=CC=C31)O,1,
C1=CC2=C(C3=C(C=CC=N3)C=C2)N=C1,1,
C(C(F)(F)F)(F)Cl,1,
C(C(Br)Br)(Br)Br,1,
C(C(Cl)Cl)(Cl)Cl,1,
C1=CC2=C3C(=C1)C4=CC=CC5=C4C6=C(C=C5)C=CC(=C36)C=C2,1,
C(C(Cl)Cl)Cl,1,
C1CCN(CC1)C(=O)C2=CC3=C(C=C2)OCO3,1,
CCCCCC(C=CC1C(C(CC(=O)O1)O)CC=CCCCC(=O)O)O,1,
C1=CC=C(C=C1)N(C2=CC=CC=C2)[N]C3=C(C=C(C=C3[N+](=O)[O-])[N+](=O)[O-])[N+](=O)[O-],1,
CCCCCC1=CC(=C2C3C=C(CCC3C(OC2=C1)(C)C)CO)O,1,
C1CN(CCN1)C2=CC=CC3=CC=CC=C32,1,
CCCCCC1=CC(=C2C3C=C(CCC3C(OC2=C1)(C)C)C(=O)O)O,1,
C1=CC(=C(C2=C1C(=C(C(=C2Cl)Cl)Cl)Cl)Cl)Cl,1,
C1=C2C(=C(C(=C1Cl)Cl)Cl)OC3=C(O2)C(=C(C(=C3Cl)Cl)Cl)Cl,1,
C1=C2C(=CC(=C1Cl)Cl)OC3=C2C(=C(C(=C3Cl)Cl)Cl)Cl,1,
COC1=CC=C(C=C1)CCCOC(CN2C=CN=C2)C3=CC=C(C=C3)OC.Cl,1,
C1=C2C(=C(C(=C1Cl)Cl)Cl)OC3=CC(=C(C(=C3O2)Cl)Cl)Cl,1,
C1=C2C(=CC(=C1Cl)Cl)OC3=CC(=C(C(=C23)Cl)Cl)Cl,1,
C1=C2C(=CC(=C1Cl)Cl)OC3=C(C(=C(C=C3O2)Cl)Cl)Cl,1,
C(C(CCl)Cl)Cl,1,
C1=C(C(=CC(=C1Cl)Cl)Cl)Cl,1,
CC(C)C(C)(C=CC(C)C1CCC2C1(CCCC2=CC=C3CC(CC(C3=C)O)O)C)O,1,
C1=NC=NN1,1,
C1=CC(=C(C=C1Br)Br)Br,1,
C1=CC(=C(C=C1Cl)Cl)Cl,1,
C1=CC=C2C(=C1)C=CC3=CC4=C(C=CC5=CC=CC=C54)C=C32,1,
CC(CCCC(C)(C)O)C1=CCC2C1(CCCC2=CCC3C=C(CC(C3=C)O)O)C,1,
CC(C=CC(C)C(C)(C)O)C1CCC2C1(CCCC2=CC=C3CC(CC(C3=C)O)O)C,1,
CC(CCCC(C)(C)O)C1CCC2C1(CCCC2=CC=C3CC(CC(C3=C)O)O)C,1,
C1=CC=C2C(=C1)C(=O)NS2,1,
CC(=O)OCOC(=O)CN(CC(=O)O)C1=CC=CC=C1OCCOC2=CC=CC=C2N(CC(=O)O)CC(=O)O,1,
C(CCl)N(C(=O)N)N=O,1,
C1CCC(C(C1)O)O,1,
C1C(C(OC1N2C=CC(=NC2=O)N)CO)O,1,
CC(=O)C1=CC=CC=C1C(=O)C,1,
C(CC(CBr)(C#N)Br)C#N,1,
C1=CC=C(C(=C1)Br)Br,1,
C1(C(C(C1(F)Cl)(F)Cl)(F)F)(F)F,1,
C1=CC(=C(C=C1[N+](=O)[O-])Cl)Cl,1,
C1=CC=C2C(=C1)C3=C(C=C2[N+](=O)[O-])C4=C(C=C3)C(C(C=C4)O)O,1,
C1=C(C=C(C(=C1O)O)S(=O)(=O)[O-])S(=O)(=O)[O-].[Na+].[Na+],1,
CNNC,1,
CCCCCCCCC=CCCCCCCCC(=O)OCC(C[N+](C)(C)C)OC(=O)CCCCCCCC=CCCCCCCCC,1,
CCCCCCCCCCCCCCCC(=O)OCC(COP(=O)([O-])OCC[N+](C)(C)C)OC(=O)CCCCCCCCCCCCCCC,1,
C1CN(CCN1CCOC(C2=CC=CC=C2)C3=CC=CC=C3)CC=CC4=CC=CC=C4,1,
C1CC(CC=C1)C2CO2,1,
CCC1CO1,1,
CCCCCC=CCC(C=CC=CCC=CCCCC(=O)O)O,1,
C(CO)N(C(=O)N)N=O,1,
COC1=CC=CC=C1N2CCN(CC2)CCCCN3C(=O)C4=CC=CC=C4C3=O.Br,1,
COCCN(C(=O)N)N=O,1,
C1=CC=C2C(=C1)C=CC(=O)C2=O,1,
CCCCCCCCC=CCCCCCCCC(=O)OCC(COP(=O)([O-])OCC[N+](C)(C)C)OC(=O)CCCCCCCC=CCCCCCCCC,1,
C1=CC=C(C(=C1)C(F)(F)F)N2C=CN=C2,1,
CCCCCC(=O)CCC1C(C(CC1=O)O)CC=CCCCC(=O)O,1,
CCCCCC(CCC1C(CC(=O)C1CCCCCCC(=O)O)O)O,1,
C=CC=C,1,
CC(CCO)O,1,
C1=CC(=CC(=C1)Cl)N=C(N)N=C(N)N,1,
C1CN(CCN1)C2=CC(=CC=C2)Cl,1,
C1=CC(=CC(=C1)Br)Br,1,
CCCCNC(=O)N(CCCC)N=O,1,
C(C=CCl)Cl,1,
C(C(CCl)O)Cl,1,
C1=CC(=CC(=C1)Cl)Cl,1,
CCNC(=O)N(CC)N=O,1,
CNC(=S)NC,1,
CN1C2=C(C(=O)N(C1=O)C)NC(=O)N2,1,
C1=CC=C(C=C1)NN=NC2=CC=CC=C2,1,
CC1=CC=CC=C1NC(=NC2=CC=CC=C2C)N,1,
CCCCCC(C=CC=CCCCCCCCC(=O)O)O,1,
C1CC2C3CC(CN2C(=O)C1)C4CC(CCN4C3)OC(=O)C5=CC=CN5,1,
C1COS(=O)(=O)C1,1,
C1CN(CCN1)C2=CC=CC(=C2)C(F)(F)F,1,
C1=CC(=CC(=C1)CN)CN,1,
C1=CC=C2C=C3C(=O)C=CC(=O)C3=CC2=C1,1,
C1=CC(=CC=C1OC2=C(C=C(C=N2)Cl)Cl)OC3=C(C=C(C=N3)Cl)Cl,1,
C1CC(CCC1CC2CCC(CC2)N)N,1,
C1CC(CCC1O)O,1,
CC12CCC(CC1CCC3C2CCC4(C3CCC4C5=CC(=O)OC5)C)OC6C(C(C(C(O6)CO)O)O)O,1,
C(C=CCCl)Cl,1,
C1COCCO1,1,
C1CSCCS1,1,
C1=CN(C(=N1)[N+](=O)[O-])COCC=CCO,1,
CCCCCCCCC(C=CC=CC=CC=CC=CC=CC(=O)O)O,1,
CC12C(=O)CCC3(C14CCN(C3CC5=C4C(=C(C=C5)O)O2)C)OC,1,
CC12C3CC4=C(C1(CCCO2)C(CN3)CC5CC5)C=C(C=C4)O,1,
CS(=O)(=O)C1=CC=C(C=C1)N2C(=CC(=N2)C(F)(F)F)C3=CC=C(C=C3)F,1,
C1=CC=C2C(=O)C=CC(=O)C2=C1,1,
C1=CC(=CC=C1C[Se]C#N)C[Se]C#N,1,
CC1=CC2C(C(C1=O)O)(C3(CC(C(C34CO4)O2)O)C)COC(=O)C,1,
C1C(=O)C(C(C(O1)CO)O)O,1,
C1=C(OC(=C1)Br)C=C([N+](=O)[O-])Br,1,
C1COCCOCCOCCOCCO1,1,
C1=CC2=C(C=CC=C2O)C(=C1)O,1,
CCCCCC(C=CC1C2CC(C1CC=CCCCC(=O)O)CO2)O,1,
CC(C)(CCCCN1C(=O)C2=C(N=CN2)N(C1=O)C)O,1,
CC1CNCCN1S(=O)(=O)C2=CC=CC3=C2C=CN=C3,1,
CCCCCC(=O)CCC1C(CC(=O)C1CC=CCCCC(=O)O)O,1,
C1=CC2=C(C=CC=C2N)C(=C1)N,1,
CCCCCC(C)(C=CC1C(CC(=O)C1CCCCCCC(=O)O)O)O,1,
CCCCC(C)(C)C(C=CC1C(CC(=O)C1CC=CCCCC(=O)O)O)O,1,
C1CN(CCC1O)C2=NN=C(C=C2)C3=C(C=C(C=C3)Cl)Cl,1,
CC12CCC3C(C1CCC2NCCCCCCN4C(=O)C=CC4=O)CCC5=C3C=CC(=C5)OC,1,
C1=CC2=C(C=CC3=C2C4=C1C=CC(=C4C=C3)[N+](=O)[O-])[N+](=O)[O-],1,
C(CCCN=C=O)CCN=C=O,1,
CC1CCC2(C(C1(C)CCC3=CC(=O)OC3O)CCC=C2C)C,1,
CC12CCC3C(C1CC(C2=O)O)CCC4=C3C=CC(=C4)O,1,
CC(C)S(=O)(=O)OC1=CC2=C(C=C1)C3CCC4(C(C3CC2)CCC4(C#C)O)C,1,
CN1C=NC2=C1C(=O)N(C(=O)N2)C,1,
CCC=CCC(C=CC=CCC=CCC=CCC=CCCC(=O)O)O,1,
CC1=C2C3C4(O3)CCC5C(CCCC5(C4C6C2(O6)OC1O)C)(C)C,1,
CCC1C2CC3C4C5(CC(C2C5OC(=O)CCl)N3C1O)C6=CC=CC=C6N4C,1,
CCCCCC1C2CC(CN3C2CCCC3)C4N1CCCC4,1,
C1=CC2=C(C3=C(C=C2)N=CC=C3)N=C1,1,
CC1(C2CCC3(C(C2(CCC1O)C)C(=O)C=C4C3(CCC5(C4CC(CC5)(C)C(=O)O)C)C)C)C,1,
C1=CC2=C3C(=C(C=C2)[N+](=O)[O-])C=CC4=C(C=CC1=C43)[N+](=O)[O-],1,
CC12CCC(=O)C=C1CCC3C2CCC4(C3CCC4C(=O)CO)CO,1,
CC12CCC(=O)C=C1CCC3C2C(CC4(C3CCC4(C(=O)CO)O)C=O)O,1,
CC12CCC3C(C1CCC2OC(=O)CCC4CCCCC4)CCC5=CC(=O)CCC35,1,
CC(=O)C1CCC2C1(CCC3C2CCC4=CC(=O)CCC34)C,1,
CC(=O)OC(C=C)C1=CC=C(C=C1)OC,1,
CC(=O)OC1=C(C=C(C=C1)C(C=C)OC(=O)C)OC,1,
CC(=O)OC(C=C)C1=CC2=C(C=C1)OCO2,1,
CC(C)C(CCC(C)C1CCC2C1(CCCC2=CC=C3CC(CC(C3=C)O)O)C)O,1,
CCCCCC1=CC(=C2C3C(CCC4(C3O4)C)C(OC2=C1)(C)C)O,1,
C1CC(CC1C(=O)O)(C(=O)O)N,1,
C1=CC=C2C(=C1)C(=O)C3=C(C2=O)C(=C(C=C3Br)Br)N,1,
CC1=C(C2=C(C=C1)C(=O)C3=CC=CC=C3C2=O)N,1,
C1=C(C(=O)NC(=O)N1N)Br,1,
C1=CC=C2C(=C1)N=NN2N,1,
C(N)P(=O)(O)O,1,
CCCCCN(C(=O)N)N=O,1,
CCCCCCCCCCCCCCCCCCOP(=O)(O)OCC1C(C(C(O1)N2C=CC(=NC2=O)N)O)O,1,
C1=CC=C(C=C1)CN2C=CN=C2,1,
C1CN(CCN1)CC2=CC=CC=C2,1,
CCCBr,1,
CCCCO,1,
CC1C(O1)Cl,1,
CC(=CCl)C,1,
CS(=O)(=O)C1=C(C=CC(=C1)Cl)C(=C(Cl)Cl)C2=CC=C(C=C2)Cl,1,
CN(C)CCC=C1C2=C(CCC3=CC=CC=C31)C(=CC=C2)Cl,1,
C1=CC=C2C(=C1)C=CC=C2Cl,1,
C=CC(CC#N)O,1,
C1C(C(C(C(N1)CO)O)O)O,1,
CCCCCCCCCCCCCCCCCCCCCCCCCCO,1,
CCCCCCO,1,
COC1=CC=C(C=C1)C(C#C)O,1,
C1=CC=C2C(=C1)C=CC(=C2O)C(=O)O,1,
COC1=CC=C(C=C1)C(C=C)O,1,
C1C2=CN=C(N2C3=C(C=C(C=C3)Cl)C(=N1)C4=CC=CC=C4F)CO,1,
C1=CC=C2C(=C1)N=C3C=CC=C(C3=N2)O,1,
C1=CC2=C3C(=C1)C=CC4=C(C=CC(=C43)C=C2)O,1,
C=CC(C1=CC2=C(C=C1)OCO2)O,1,
CC(C)CN1C2=C(C(=O)N(C1=O)C)NC=N2,1,
CN1CCC(=CC1)C2=CC=CC=C2,1,
C[N+]1=CC=C(CC1)C2=CC=CC=C2,1,
C[N+]1=CC=C(C=C1)C2=CC=CC=C2,1,
CC1(C(=O)N2C(C(=O)N3CCCC3C2(O1)O)CC4=CC=CC=C4)NC(=O)C5CN(C6CC7=CN(C8=CC=CC(=C78)C6=C5)C)C,1,
CC1=C2C=CC3=CC=CC=C3C2=CC=C1,1,
CC1=C2C=CC3=CC=CC4=C3C2=C(C=C1)C=C4,1,
CC(CCNCCCCN)N,1,
CN1CCC2(C1)C3CC4CC(C3)CC2C4.C(=CC(=O)O)C(=O)O,1,
CN1C(=O)C2=C(NC(=O)N2)NC1=O,1,
CN1C(=O)C2=C(NC1=O)N=CN2,1,
C1=CC=C2C(=C1)C=CC=C2O,1,
C1=CC=C2C(=C1)C=CC=C2CC(=O)NCCCNCCCCNCCCN,1,
C1=CC=C2C(=C1)C=CC=C2N=C=S,1,
C1=CC=C2C(=C1)C=CC=C2[N+](=O)[O-],1,
C1=CC2=C3C(=C1)C=CC4=C(C=CC(=C43)C=C2)[N+](=O)[O-],1,
CCNC(=O)N(CCO)N=O,1,
CCN(C(=O)NCCO)N=O,1,
CCN(C(=O)NC)N=O,1,
CCNC(=O)N(C)N=O,1,
C1CN(C(=O)NC1=O)N=O,1,
C1=CC2=C3C(=C1)C=CC4=C(C=CC(=C43)C=C2)N=O,1,
CCCCCCCCO,1,
CCCCCC(C=C)O,1,
CCCCCCOC1=C(C(=C(C(=C1)C)O)C)C,1,
CC(C1=CC=CC=C1)N,1,
CC(=O)C(=O)C1=CC=CC=C1,1,
C1=CC=C(C=C1)N=NC2=C(C=CC3=CC=CC=C32)O,1,
C1CCC(CC1)(C2=CC=CC=C2)N,1,
C1CC1(C2=CC=CC=C2)N.Cl,1,
CCCOCC(C)O,1,
CN1C2CCC1C(C(C2)C3=CC=C(C=C3)F)C(=O)OC,1,
C1=CC2=C3C(=C1)C=CC4=C(C=CC(=C43)C=C2)COS(=O)(=O)O,1,
CC(C1CCC2C1(CCC3C2CCC4=CC(=O)CCC34C)C)O,1,
C(CCC=CCC=CCC=CCC=CCCCC(=O)O)CCO,1,
CCCN1CCC2=C3C1CC4=C(C3=CC(=C2)O)C(=C(C=C4)O)O.Br,1,
C1C(NC(S1)C(C(C(CO)O)O)O)C(=O)O,1,
C1=CC(=C(C(=C1C2=CC(=C(C=C2Cl)Cl)Cl)Cl)Cl)Cl,1,
C1=CC(=C(C=C1Cl)C2=C(C(=CC(=C2Cl)Cl)Cl)Cl)Cl,1,
C1=CC(=C(C=C1Cl)C2=C(C=CC(=C2Cl)Cl)Cl)Cl,1,
C1(C(C1C(=O)O)C(=O)O)C(C(=O)O)N,1,
C1=CC(=C(C=C1O)O)C(=O)C2=C(C=C(C=C2)O)O,1,
CC1=CC(=C(C=C1)C2C(=O)C3=CC=CC=C3C2=O)C,1,
CC(C)CC(C)(C)C,1,
CC1=C(C2=C(CCC(O2)(C)C)C(=C1O)C)C,1,
C1=CC=C(C(=C1)C2=C(C=CC(=C2)Cl)Cl)Cl,1,
C1CC(=O)NC(=O)C1N2CC3=CC=CC=C3C2=O,1,
C1=CSC(=N1)CCN,1,
CC(C)(C(=N)N)N=NC(C)(C)C(=N)N,1,
C1CN=C(N1)C2=CC3=CC=CC=C3O2,1,
C1=CC(=CC=C1C(C2=CC=C(C=C2)O)C(Cl)(Cl)Cl)O,1,
C(C(CO)(CBr)CBr)O,1,
CC(C(=O)N)NC(=O)N(CCCl)N=O,1,
CC1=CC=CC=C1OP2(=O)OCC3=CC=CC=C3O2,1,
CN1C2CCC1C(CC2)OCC(C3CCCC3)(C4=CC=CC=C4)O,1,
C(C(F)(F)F)(Cl)Cl,1,
C(CS(=O)(=O)O)SSCCS(=O)(=O)O,1,
CC(C)(C)C1=CC(=C(C(=C1)N2N=C3C=CC=CC3=N2)O)C(C)(C)C,1,
C(CN(CCN)[N+](=NO)[O-])N,1,
CC1=CC(=C(C(=C1)C(C)(C)C)O)CC2=C(C(=CC(=C2)C)C(C)(C)C)O,1,
CCC1=CC(=C(C(=C1)C(C)(C)C)O)CC2=C(C(=CC(=C2)CC)C(C)(C)C)O,1,
C1=CC(=C(C=C1C2=CC(=C(C(=C2Cl)Cl)Cl)Cl)Cl)Cl,1,
C1=CC(=C(C(=C1C2=C(C(=C(C=C2)Cl)Cl)Cl)Cl)Cl)Cl,1,
C1=C(C=C(C(=C1Cl)Cl)Cl)C2=CC(=C(C(=C2Cl)Cl)Cl)Cl,1,
C1CNCC(C2=CC(=C(C=C21)O)O)C3=CC=CC=C3,1,
C1=C2C3=CC(=C(C(=C3OC2=CC(=C1Cl)Cl)Cl)Cl)Cl,1,
C=C(C(CCl)Cl)Cl,1,
C1=CC(=CC=C1C=CC2=C(C(=CC(=C2)O)O)OC(C=O)C(C(C(CO)O)O)O)O,1,
CC1=C(C(=O)C(=C(C1=O)C)CCCCC#CCCCC#CCO)C,1,
C1=C2C3=CC(=C(C=C3OC2=CC(=C1Cl)Cl)Cl)Cl,1,
C1=CC(=CC(=C1)O)CC(CO)C(CC2=CC(=CC=C2)O)CO,1,
C1C(C(C(=O)O1)CC2=CC(=CC=C2)O)CC3=CC(=CC=C3)O,1,
C1=NC(=C2C(=N1)N(C=N2)C(C=O)OC(COP(=O)(O)OP(=O)(O)OP(=O)(O)O)C=O)N,1,
C1=CC=C2C(=C1)N=C3C=C(C(=CC3=N2)N)N,1,
C(C(CBr)Br)O,1,
C1CC(OC1COP(=O)(O)OP(=O)(O)OP(=O)(O)O)N2C=CC(=NC2=O)N,1,
C1=CC=C2C(=C1)C(=O)C(=C(C2=O)C(CS)(C(=O)NCC(=O)O)NC(=O)CCC(C(=O)O)N)C(CS)(C(=O)NCC(=O)O)NC(=O)CCC(C(=O)O)N,1,
C1=CC(=C(C(=C1)O)O)C(=O)O,1,
C1=CC=C2C=C(C(=CC2=C1)O)O,1,
COC1=C(C(=O)C2=CC=CC=C2C1=O)OC,1,
CC1=CC=CC=C1C2=CC(=C(C=C2)N)C,1,
CCCCCC(C=CC1C(CC(C1CC(=O)CCC(=O)O)O)O)O,1,
C1=CC2=C3C(=CC(=C2C(=C1)S(=O)(=O)N)[N+](=O)[O-])NC(=O)C(=O)N3,1,
CCC(C(C)O)O,1,
CCC(=O)C(=O)C,1,
CC(CCC(C(C)(C)O)O)C1CCC2C1(CCCC2=CC=C3CC(CCC3=C)O)C,1,
CCNC(=O)C1C(C(C(O1)N2C=NC3=C(N=C(N=C32)NCCC4=CC=C(C=C4)CCC(=O)O)N)O)O,1,
C1=CC(=CC=C1C2=C(C=C(C=C2)Cl)Cl)Cl,1,
C1=C(C(=CC(=C1Br)Br)Br)C2=CC(=C(C=C2Br)Br)Br,1,
C1=C(C(=CC(=C1Cl)Cl)Cl)C2=CC(=C(C=C2Cl)Cl)Cl,1,
C1=CC(=C(C=C1Cl)C2=CC(=C(C=C2Cl)Cl)Cl)Cl,1,
C1=C(C=C(C(=C1Cl)Cl)Cl)C2=CC(=C(C=C2Cl)Cl)Cl,1,
C1=C(C(=CC(=C1Cl)Cl)Cl)O,1,
C1=C(C(=CC(=C1Cl)Cl)Cl)OCC(=O)O,1,
C1=C(C=C(C(=C1Br)O)Br)Br,1,
C1C(OC(OC1C2=CC=CC=C2)C3=CC=CC=C3)C4=CC=CC=C4,1,
CN(C)CC1=CC(=C(C(=C1)CN(C)C)O)CN(C)C,1,
CCCCCC=CC=CC=O,1,
C(CN)C(C(=O)O)N,1,
C1=CC(=C(C=C1N)N)O,1,
CC1=C(C=C(C=C1)N)N,1,
C1=CC(=C(C=C1Br)Br)O,1,
C1=CC(=C(C=C1Cl)Cl)N,1,
C1=CC(=C(C=C1Cl)Cl)O,1,
C1=CC(=C(C=C1Cl)Cl)OCC(=O)O,1,
CC1=CC(=C(C=C1)O)C,1,
C1=CC(=C(C=C1[N+](=O)[O-])[N+](=O)[O-])S(=O)(=O)OF,1,
C1=CC(=C(C=C1[N+](=O)[O-])[N+](=O)[O-])O,1,
CC1=C(C=C(C=C1)[N+](=O)[O-])[N+](=O)[O-],1,
CC=CC=CC=O,1,
CC1=CC(=CC(=C1O)C)C2=C(C3=C(N2)C=CC(=C3)OC)C,1,
CC(C)C(CCC(C)C1CCC2C1(CCC3C2CC=C4C3(CCC(C4)O)C)C)O,1,
C1CCC(CC1)(C2=CC=CC=C2)C(=O)OCCN3CCOCC3,1,
C1COCCN1C2=CC(=O)C3=C(O2)C(=CC=C3)C4=CC=CC=C4,1,
C1C(O1)OC2=CC=C(C=C2)[N+](=O)[O-],1,
CC(CC(=O)O)C1CCC2C1(CCC3C2C(CC4C3(CCC(C4)O)C)O)C,1,
C1CCC(C1)C(C2=CC=C(C=C2)OCC3=NC4=CC=CC=C4C=C3)C(=O)O,1,
C1C(=O)NC(=O)S1,1,
CC1=CC(=C(C=C1)N)C,1,
C1=CC(=C(C=C1Cl)C2=C(C=CC(=C2)Cl)Cl)Cl,1,
CC1=C(C=CC(=C1)N)N,1,
C1=C(C(=O)C(=C(C1=O)Cl)SCC(C(=O)NCC(=O)O)NC(=O)CCC(C(=O)O)N)Cl,1,
C1=CC(=C(C=C1Cl)O)Cl,1,
CC1C(CC(O1)N2C=NC3=C(N=CN=C32)N)O,1,
C1=CC(=C(C=C1O)C(=O)O)O,1,
CC(CC1=CC(=C(C=C1OC)Br)OC)N,1,
CC1=CC(=O)C(=CC1=O)C,1,
CC1=CC=C(O1)C,1,
CC1=CN=C(C=N1)C,1,
CC(CCC(C)O)O,1,
CC(CCCC(C)(C)O)C1CCC2C1(CCC3C2CC=C4C3(CCC(C4)O)C)C,1,
CC(C=CC(C)C(C)(C)O)C1CCC2C1(CCCC2=CC=C3CC(CCC3=C)O)C,1,
C1=NC(=C2C(=N1)N(C=N2)C3C(C(C(O3)COP(=O)(O)OC4C(C(OC4N5C=NC6=C(N=CN=C65)N)COP(=O)(O)OC7C(C(OC7N8C=NC9=C(N=CN=C98)N)COP(=O)(O)O)O)O)O)O)N,1,
C1=C(C=C(C(=C1Cl)O)Cl)[N+](=O)[O-],1,
C1=CC(=C(C(=C1)Cl)C(=O)Cl)Cl,1,
C1=CC(=O)C=CC1=NC2=CC(=C(C(=C2)Cl)O)Cl,1,
CC1=C(C=CC=C1[N+](=O)[O-])[N+](=O)[O-],1,
C1=NC2=C(N1)C(=S)NC(=S)N2,1,
CC1=C(C(=CC=C1)C)NC(=O)C2CCCCN2,1,
CC1=C(C(=CC=C1)C)N,1,
CC1=C(C=C2CCC(OC2=C1C)(C)CCC(=O)O)O,1,
CC1=C2C(CC1C3=COC=C3)OC4C2(C(C5(C6C4OCC6(C=CC5=O)C)C)CC(=O)OC)C,1,
C12=C(NC(=O)N=C1NC(=O)N2)N,1,
CC(=O)NCCS,1,
CC(=O)C1=NC=C(N1)C(C(C(CO)O)O)O,1,
CC(=O)NC1=CC2=C(C=C1)C3=CC=CC=C3C2,1,
CCCCOC(=O)CC(CC(=O)OCCCC)(C(=O)OCCCC)OC(=O)C,1,
C1=NN=C(S1)N,1,
C1=CC=C2C(=C1)C(=N)C=C(C2=O)N,1,
C1C(CC(C1CO)O)N2C=NC3=C2N=C(NC3=O)N,1,
CN1C2=C(N=CC(=C2)C3=CC=CC=C3)N=C1N,1,
CC(C)(CO)N,1,
CC1=CC2=C(C=CC=N2)C3=C1N(C(=N3)N)C,1,
CC1=CN=C2C=CC3=C(C2=N1)N=C(N3C)N,1,
CC1=CC2=C(NC3=CC=CC=C32)N=C1N,1,
CN1C2=C(C3=C(C=C2)N=CC=C3)N=C1N,1,
CC1=C(C=C(C=C1[N+](=O)[O-])[N+](=O)[O-])N,1,
C1=CC(=C(C=C1[N+](=O)[O-])N)O,1,
C(CP(=O)(O)O)C(C(=O)O)N,1,
CC1=CC(=NC=C1)N,1,
C1=CC(=C(C=C1[N+](=O)[O-])O)N,1,
C1=C(SC(=N1)N)[N+](=O)[O-],1,
C1=CC=C(C=C1)C2=CC(=CC(=C2)CP(=O)(O)O)CC(C(=O)O)N,1,
CC1=CC=CN2C1=NC3=C2N=C(C=C3)N,1,
C1=CC=C2C(=C1)C3=C(N2)N=C(C=C3)N,1,
C1=CC=C2C(=C1)C(=O)C3=C(C2=O)C=C(C=C3)N,1,
C1=CC=C(C=C1)C2=CC=CC=C2N,1,
C1C2=CC=CC=C2C3=C1C=C(C=C3)N,1,
C1=CC=C(C(=C1)N)O,1,
C1=C2C(=NC(=N1)N)N=CN2,1,
CON=C(C1=CSC(=N1)N)C(=O)O,1,
COC1=CC=CC=C1N,1,
C1=CC=C2C=C3C=C(C=CC3=CC2=C1)N,1,
C1=CC(=C(C(=C1O)SCC(C(=O)NCC(=O)O)NC(=O)CCC(C(=O)O)N)Br)O.C(CC(=O)NC(CS)C(=O)NCC(=O)O)C(C(=O)O)N,1,
C(CBr)N,1,
C1=CC(=C(C=C1O)Br)O,1,
CCC(C)OOC(C)CC,1,
CC=CC=O,1,
C1=CC(=C(C=C1[N+](=O)[O-])Cl)N,1,
C1=NC2=C(N=C(N=C2N1C3C(C(C(O3)CO)O)O)Cl)N,1,
CCSCCCl,1,
CNC(=O)C1C(C(C(O1)N2C=NC3=C(N=C(N=C32)Cl)NCC4=CC(=CC=C4)I)O)O,1,
C1CCC(C1)NC2=C3C(=NC(=N2)Cl)N(C=N3)C4C(C(C(O4)CO)O)O,1,
CC(C(=O)O)Cl,1,
CC1=CC=CC=C1O,1,
C#CCCC(=C(C#N)C(=O)NC1=CC=C(C=C1)C(F)(F)F)O,1,
CCNC(=O)NC(=O)C(=NOC)C#N,1,
CC1=CN(C(=O)NC1=O)C2CC(C(O2)OP(=O)(O)OCC3C(CC(O3)N4C=NC5=C(N=CN=C54)N)O)CO,1,
CC1=NC2=NC=C(N=C2C(=N1)N)CNC3=CC=C(C=C3)C(=O)NC(CCC(=O)O)C(=O)O,1,
C1=CC=C(C(=C1)Cl)Cl,1,
CCN(CC)CCO,1,
CCOCCO,1,
CCC(CCCC(=O)O)COC(=O)C1=CC=CC=C1C(=O)O,1,
CCN1C(=O)CC2(C1=O)CCN(CC2)C,1,
CCCCC(CC)C(=O)O,1,
CCCCC(CC)CO,1,
CCCCC(CC)COP(=O)(OC1=CC=CC=C1)OC2=CC=CC=C2,1,
C1CC(OC1CO)N2C=NC3=C(N=C(N=C32)F)N,1,
C1C(OC(C1F)N2C=NC3=C2N=CNC3=O)CO,1,
C1=C(N(C(=C1)C=O)CCCCC(C(=O)O)N)CO,1,
C1=CC=NC(=C1)C=NNC(=S)N,1,
C1=COC(=C1)C(=O)O,1,
C1=CC(=C(C=C1C2=C(C(=O)C3=C(C=C(C=C3O2)O)O)OC4C(C(C(C(O4)CO)O)O)OC(=O)C5=CC(=C(C(=C5)O)O)O)O)O,1,
C(CC(=O)NC(CSC1=C(C(=O)C(=C(C1=O)Cl)Cl)Cl)C(=O)NCC(=O)O)C(C(=O)O)N,1,
CCCC=CC=O,1,
CN1C2=C(N=CC(=C2)C3=CC=CC=C3)N=C1NO,1,
CCC(C(=O)O)O,1,
CNCCCN1C2=C(CCC3=CC=CC=C31)C=C(C=C2)O,1,
CC12CCC3C(C1CCC2O)CCC4=CC(=C(C=C34)O)O,1,
CC12CCC3C(C1CCC2=O)CCC4=CC(=C(C=C34)O)O,1,
C=CC(=O)OCCO,1,
CCC1=C(C(NC1=O)(C)O)C,1,
CCCC(C)C1(C(=O)NC(=NO)NC1=O)CC,1,
CCCC1(C(=O)NC(=NO)NC1=O)CC,1,
CCOC1=CC(=C(C=C1)N)O,1,
CC(COC(=O)C(=C)C)O,1,
CCCCCCCCCCCCCCC(C=O)I,1,
CSCCC(=O)C(=O)O,1,
C1=CC=C2C(=C1)NC(=S)N2,1,
COC1=CC(=O)C2=CC=CC=C2C1=O,1,
CCN(CC)CCOC(=O)C1=CC(=C(C=C1OC)N)Cl,1,
COC1=C(C(=C(C=C1)C2=CC=C(C(=O)C=C2)OC)OC)OC,1,
CC12CCC3C(C1CCC2O)CCC4=CC(=C(C=C34)OC)O,1,
CC12CCC3C(C1CCC2=O)CCC4=CC(=C(C=C34)OC)O,1,
CC(=O)OCCOC,1,
COC1(COC2=CC=CC=C2O1)C3=NCCN3,1,
CC(COC(=O)C)OC,1,
CC(C(C)(C)O)O,1,
CC(=CC1=CC=C(C=C1)CC2=CN=CC=C2)C(=O)O,1,
CC1=C(C(=O)C2=CC=CC=C2C1=O)SCC(C(=O)O)NC(=O)C,1,
CC1=C(C=CC(=C1)Cl)OCCCC(=O)O,1,
CN1C(=O)C=CS1,1,
CC1=C(C2=C(N1)C=CC(=C2)O)CCN,1,
CC1=C[CH-]C=C1.[C-]#[O+].[C-]#[O+].[C-]#[O+].[Mn],1,
CC1=CC=CO1,1,
CSC1=NC(=C2C(=N1)N(C=N2)C3C(C(C(O3)CO)O)O)N,1,
C1=CC=C2C=C(C=CC2=C1)O,1,
C[N+](C)(C)CCC(=O)C1=CC2=CC=CC=C2C=C1.[I-],1,
C1=CC=C2C=C(C=CC2=C1)N,1,
C1=CC=C2C=C(C=CC2=C1)N=C=S,1,
C1CN2C(CN1C(=N)N)C3=CC=CC=C3CC4=CC=CC=C42.Cl,1,
COC1=CC=CC=C1[N+](=O)[O-],1,
C1C2=CC=CC=C2C3=C1C=C(C=C3)[N+](=O)[O-],1,
CC(C)[N+](=O)[O-],1,
CC1=CC=CC=C1[N+](=O)[O-],1,
CCCN(CCC)C1CCC2=C(C1)C=CC(=C2O)O,1,
CCCCCCC=CC=O,1,
CCCCCCC#CC(=O)OC,1,
CCCC(CC#C)C(=O)O,1,
CCCCCCC(=O)C,1,
CCCCCC=CC=O,1,
C1C2=CC=CC=C2NC1=O,1,
CCC=CC#N,1,
CCCCCC(=CC1=CC=CC=C1)C=O,1,
C1=CC=C(C=C1)NC2=NC(=C3C(=N2)N(C=N3)C4C(C(C(O4)CO)O)O)N,1,
C1=CC=C(C=C1)C2=CC=CC=C2O,1,
C1=CC=C(C=C1)N2C(=O)C3=C(N2)C4=CC=CC=C4N=C3,1,
CCC(=O)C1C2CCC(N2C)CC1C3=CC=C(C=C3)C,1,
CCCC(=CCC)C(=O)O,1,
CCCC(CC=C)C(=O)O,1,
C1=CC(=C(C=C1O)SCC(C(=O)NCC(=O)O)NC(=O)CCC(C(=O)O)N)O,1,
CC1=CC(=C(C=C1)O)C(C)(C)C,1,
CC(C)(C)C1=C(C=CC(=C1)O)O,1,
CCCCCCCCCCCCCCC1(CO1)C(=O)O,1,
C1=CC=C2C(=C1)N=C(S2)SCSC#N,1,
C(C(C(=O)O)S)C(=O)O,1,
CC1=CC=CC=C1N,1,
CC1=CC=CC=C1C,1,
C1CNCC=C1C2=CNC3=C2NC(=O)C=C3,1,
C[N+](C)(C)NCCC(=O)[O-],1,
CC1(C(C1C(=O)O)C=C(Cl)Cl)C,1,
CCOC1=CC(=C(C=C1C(=O)CCC(=O)O)OCC)OCC,1,
C1CN(CC(N1)C(=O)O)CCCP(=O)(O)O,1,
CCCCCCC(C)(C)C1=CC(=C(C=C1)C2CC(CCC2CCCO)O)O,1,
COC1=CC=CC=C1CNC2CCCNC2C3=CC=CC=C3,1,
C1=C(C=C(C(=C1Br)Br)Br)C2=CC(=C(C(=C2)Br)Br)Br,1,
C1=CC(=C(C=C1C2=CC(=C(C=C2)Br)Br)Br)Br,1,
C1=CC(=C(C=C1NC(=O)C2=C(C(=CC(=C2)Cl)Cl)O)Cl)Cl,1,
C1=CC(=C(C=C1C=CC2=CC(=CC(=C2)O)O)O)O,1,
CS(=O)(=O)C1=CC=C(C=C1)C2=C(C(=O)OC2)C3=CC(=C(C=C3)F)F,1,
COC1=C(C=C(C=C1)C=CC(=O)O)OC,1,
C1CC(C(NC1)C2=CC=CC=C2)OCC3=CC(=CC(=C3)C(F)(F)F)C(F)(F)F,1,
C1=CC(=C(C=C1OC2=C(C=C(C=C2I)CC(=O)O)I)I)O,1,
CCCN1CCCC(C1)C2=CC=CC(=C2)C#N,1,
C1=CC(=C(C=C1C2=CC(=C(C=C2)N)Cl)Cl)N,1,
CCN1C2=CC=CC=C2SC1=CC=CC3=[N+](C4=CC=CC=C4S3)CC.[I-],1,
C1=CC(=CC=C1CC(CC(=O)O)(F)F)N(CCCl)CCCl,1,
CN(C)CCCC1=C(C=CC(=C1)C(=O)NC2=CC=C(C=C2)C3=CC=NC=C3)O,1,
CC(C)(C)CCO,1,
C1=CC(=CC(=C1)O)C(CC(=O)O)O,1,
CC(=CCCC(=CCC1=C(C=CC(=C1O)O)CCC(=O)C2=C(C=C(C=C2)O)O)C)C,1,
C1=CC(=C(C=C1N=NC2=CC(=C(C=C2)Cl)Cl)Cl)Cl,1,
C1=CC(=C(C=C1N=[N+](C2=CC(=C(C=C2)Cl)Cl)[O-])Cl)Cl,1,
CCCN1CCOC2C1COC3=C2C=C(C=C3)O,1,
C1CN(CCC1(C2=CC=C(C=C2)Cl)O)CC3=CNC4=CC=CC=C43,1,
C1=CC(=C(C=C1C2=CC(=C(C(=C2)Cl)Cl)Cl)Cl)Cl,1,
C1C(C(C(CC1(C(=O)O)O)OC(=O)C2=CC(=C(C(=C2)O)O)O)OC(=O)C3=CC(=C(C(=C3)O)O)O)OC(=O)C4=CC(=C(C(=C4)O)O)O,1,
CC1=CC2=NC=C(N=C2C3=C1N(C(=N3)N)C)C,1,
C1=CC(=C(C=C1N)Cl)Cl,1,
CN(C1CCCCC1N2CCCC2)C(=O)CC3=CC(=C(C=C3)Cl)Cl,1,
C1=CC(=C(C=C1NO)Cl)Cl,1,
C1CC(=O)OC2=CC=CC=C21,1,
COC1=C(C=C(C=C1)CC2=NCCC3=CC(=C(C=C32)OC)OC)OC,1,
C1=CC(=C(C=C1C(=O)NO)O)O,1,
C1=CC=C2C(=C1)C(=O)C=C(O2)C3=CC(=C(C=C3)O)O,1,
C1=CC(=C(C=C1CC=O)O)O,1,
C1=CC(=C(C=C1CC(=O)O)O)O,1,
C1=CC(=C(C=C1CCO)O)O,1,
C1=CC(=C(C=C1CC(C(=O)O)O)O)O,1,
C1=CC(=C(C=C1CCC(=O)O)O)O,1,
CC(C(C)C(=O)C)C(=O)C,1,
C1C(C(C(CC1(C(=O)O)O)OC(=O)C2=CC(=C(C(=C2)O)O)O)OC(=O)C3=CC(=C(C(=C3)O)O)O)O,1,
CC(CC1=CC2=C(C=C1)OCO2)N,1,
C1=C(C(=O)NC(=C1Cl)Cl)Cl,1,
C1(=C(C(=NC(=C1Cl)F)F)Cl)F,1,
CN(CC1=CN=C2C(=N1)C(=NC(=N2)N)N)C3=C(C=C(C=C3Cl)C(=O)NC(CCC(=O)O)C(=O)O)Cl,1,
C1=C(C=C(C=C1O)O)C(C(=O)O)N,1,
CC1=CC(=CC(=C1O)C)NC(=O)C,1,
CC(C)(C)C1=CC(=CC(=C1O)C(C)(C)C)C(=O)O,1,
C1=CC2=NC=C(N2C=C1)C3=CC=C(O3)[N+](=O)[O-],1,
CC1=CC2=C(C=C1)C3=CC=CC=C3C(O2)(C)[I+]N.CC1=CC2=C(C=C1)C3=CC=CC=C3C(O2)(C)[I+]N.CC1=CC2=C(C=C1)C3=CC=CC=C3C(O2)(C)[I+]N.CC1=CC2=C(C=C1)C3=CC=CC=C3C(O2)(C)[I+]N.C(CN(CC(=O)[O-])CC(=O)[O-])N(CC(=O)[O-])CC(=O)[O-],1,
CC(=CCCC(=CCCC(=CC=CC(=CC(=O)O)C)C)C)C,1,
CN1C=NC2=C1C(=O)N(C(=O)N2C)CC#C,1,
CC(C)CCCC(C)CCO,1,
C1=CC2=C(C=C1O)C(=O)OC3=C2C=CC(=C3)O,1,
CCSCC1=CC2=C(C=C1)N3C4CC(C(O4)(N5C6=C(C=C(C=C6)CSCC)C7=C8CNC(=O)C8=C2C3=C75)C)(C(=O)OC)O,1,
CC1=CC2C(C(C1=O)O)(C3(CC(C(C34CO4)O2)OC(=O)C)C)CO,1,
CC(=O)C1=CN=CC=C1,1,
C1CCC(CC1)CP(=O)(CCCN)O,1,
CP(=O)(CCCN)O,1,
CCCCP(=O)(CCCN)O,1,
C1=CC(=C(N=C1)C=NNC(=S)N)N,1,
C1=CC=C(C=C1)C(=O)C2=CN=CC=C2,1,
CCN(CC)CCOC1CCC2(C3CCC4(C(C3CC=C2C1)CCC4=O)C)C.Cl,1,
CC(CCC(=O)O)C1CCC2C1(CCC3C2CC=C4C3(CCC(C4)O)C)C,1,
CC(=C)CCl,1,
C1=CC=C(C=C1)COC2=C(C=C(C=C2)CC(=O)O)Cl,1,
C1(C(=C(C(=O)O1)Cl)C(Cl)Cl)O,1,
C1CCN(CC1)C2(CCN(CC2)CCCN3C4=CC=CC=C4CCC5=C3C=C(C=C5)Cl)C(=O)N,1,
CC1=CC(=CC=C1)O,1,
CC(=O)OC1C(CC2C1(CCC3C2CCC4C3(CC(C(C4)O)N5CCCCC5)C)C)[N+]6(CCCCC6)C,1,
C1=CN=C(C2=C1N(C=N2)C3C=C(C(C3O)O)CO)N,1,
COC1=CC=C(C=C1)N2C(=CC(=N2)C(F)F)C3=CC=C(C=C3)S(=O)C,1,
CN(C)CCCN,1,
C1=CC(=CC(=C1)[N+](=O)[O-])[N+](=O)[O-],1,
C1C(C(OC1N2C=NC3=C2N=C(NC3=O)N)CO)F,1,
C1=CC=C2C(=C1)C(=CC(=C2O)SCC(C(=O)NCC(=O)O)NC(=O)C(CCC(=O)O)N)O,1,
CCC=CCCO,1,
CCC1(CN2CCC1CC2C(C3=C4C=C(C=CC4=NC=C3)OC)O)O.OS(=O)(=O)O,1,
C1=CC=C2C(=C1)NC(=O)C(=N2)C(=O)O,1,
CC(=O)NC1=CC(=C(C=C1)O)O,1,
COC1=CC=C(C=C1)C(=O)N2CCC(C2=O)O,1,
C1=CC(=C(C(=C1)O)N)C(=O)O,1,
CN1C2CCC1C(C(C2)OC(=O)C3=CC(=CC=C3)O)C(=O)O,1,
C1=CC(=CC(=C1)O)CNN,1,
C1=CC=C(C=C1)C2=C(C(=O)C3=CC=CC=C3O2)O,1,
CCC1(CN2CCC1CC2C(C3=C4C=C(C=CC4=NC=C3)OC)O)O,1,
CC(=O)C1CCC2C1(CCC3C2CCC4C3(CCC(C4)OS(=O)(=O)O)C)C,1,
CCCCNC(=O)OCC#CI,1,
C1=CC(=CC(=C1)I)CN=C(N)N,1,
C(CS)C(=O)O,1,
CC(=O)NC1=CC(=C(C=C1)O)OC,1,
CN1CCCCC1CCC2=CC=CC=C2NC(=O)C3=CC(=C(C=C3)O)OC,1,
COC1=CC=CC(=C1)CC(=O)O,1,
CC1=CC2=CC=CC=C2C=C1N,1,
CC1=NOC(=C1)C2CCCN2C,1,
CN1C=NC(=N)C2=C1N=CN2,1,
CCC(=O)N(C1CCN(CC1C)CCC2=CC=CC=C2)C3=CC=CC=C3,1,
CC1=COC=C1,1,
CC(CC(=O)O)CC(=O)O,1,
CN(CCC=O)N=O,1,
CN(CCC#N)N=O,1,
COC1=C(C=CC(=C1)C2=C(C(=O)C3=C(C=C(C=C3O2)O)O)O)O,1,
CN1C(=O)C=CN(C1=O)C2C(C(C(O2)CO)O)O,1,
CN1C2=C(C(=O)NC1=O)NC=N2,1,
CCCCC1C2=C(C=CCC2)C(=O)O1,1,
CCCCC1C2=CC=CC=C2C(=O)O1,1,
C1=CC=C2C(=C1)C3=C4C2=CC=CC4=C(C=C3)[N+](=O)[O-],1,
C1CC(CNC1)C(=O)OC2=CC=CC(=C2)[N+](=O)[O-].Cl,1,
C(C[N+](=O)[O-])C(=O)O,1,
C1COC(=O)N1N=O,1,
C1=CC(=CC(=C1)N)N,1,
C1=CC=C(C=C1)CCC(=O)O,1,
CC1=C(C(C(=C(N1)C)[N+](=O)[O-])C2=CC=CC=C2C(F)(F)F)C(=O)OC,1,
CC1=CC(=CC=C1)C,1,
C1CNCCC1CC2=CN=CN2,1,
CC(=CC1=CC=C(C=C1)C(=O)O)C2=CC3=C(C=C2)C(CCC3(C)C)(C)C,1,
COC1=CC=CC=C1N2CCN(CC2)CCN(C3=CC=CC=N3)C(=O)C4=CC=C(C=C4)I,1,
C1=CC(=CN=C1)C(=O)OCC2=CC=C(C=C2)OCC3=CC=C(C=C3)Cl,1,
C1=CC(=CC=C1CC2=CC=C(C=C2)N)N,1,
C1=CC(=C(C=C1N=C=S)S(=O)(=O)O)C=CC2=C(C=C(C=C2)N=C=S)S(=O)(=O)O,1,
CS(=O)(=O)O.C1=CC(=CC=C1CC(=O)O)OC(=O)C2=CC=C(C=C2)N=C(N)N,1,
CC1=CC(=C(C=C1SC2=CC(=C(C=C2C)O)C(C)(C)C)C(C)(C)C)O,1,
C1=CC(=CC=C1N)SC2=CC=C(C=C2)N,1,
C1CNCC2=C1ONC2=O,1,
C1CN(N=C1N)C2=CC=CC(=C2)C(F)(F)F,1,
CC1=NC2=CC=CC=C2CC(N1C)C3=CC=CC=C3,1,
C1=CC2=C(C=CC3=C2C=CC=N3)N=C1,1,
CC(=O)NC1=CC(=C(C=C1)C=CC2=C(C=C(C=C2)N=C=S)S(=O)(=O)O)S(=O)(=O)O,1,
CC(=O)OCN(CCCC(=O)C1=CN=CC=C1)N=O,1,
CCN(CC)C(=O)C1=CC=C(C=C1)C(C2=CC(=CC=C2)OC)N3CC(N(CC3C)CC=C)C,1,
CC1=C(C=C(C=C1[N+](=O)[O-])N)[N+](=O)[O-],1,
C1=CC=C(C=C1)C(CC(=O)O)CN,1,
C1=CC(=C(C=C1O)SCC(C(=O)NCC(=O)O)NC(=O)CCC(C(=O)O)N)N,1,
C#CC(CCC(=O)O)N,1,
C1=CC(=CC=C1C(=O)N)N,1,
C1=CC(=CC=C1C(=O)O)N,1,
C1=CC(=CC=C1CN)C(=O)O,1,
C1=CC(=CC=C1N)O,1,
C1=CN=CC=C1N,1,
C1C2C(C3=CC=CC=C31)NC4=CC=CC=C24,1,
C1CN(CCN1C2CC3=CC=CC=C3C2)C4=C5C(=CC=C4)OCCO5,1,
C1=CC=C(C=C1)C2=CC=C(C=C2)N,1,
C1=CC(=CC=C1C(=O)CBr)Br,1,
C1=CC(=CC=C1CC(=O)NC(=O)N)Br,1,
C1CC(=O)OC1,1,
C1=CC(=CC=C1C(C(=O)O)N)C(=O)O,1,
C1=CC(=C(C=C1Cl)N)N,1,
C1=CC(=C(C=C1Cl)[N+](=O)[O-])N,1,
C1=CC(=C(C=C1N)[N+](=O)[O-])Cl,1,
C1=CC(=CC=C1N)Cl,1,
CN1C(=O)CN=C(C2=C1C=CC(=C2)Cl)C3=CC=C(C=C3)Cl,1,
CCC1=NN(C(=C1Cl)C(=O)NCC2=CC=C(C=C2)C(C)(C)C)C,1,
C1=CC(=CC=C1[N+](=O)[O-])Cl,1,
C1=CC(=CC=C1O)Cl,1,
CC1=CC=C(C=C1)O,1,
CC1=CC=C(C=C1)C(C)C,1,
CC1C(C(CC(O1)OC2C3=C(CCC2(C(=O)CO)O)C(=C4C(=C3OC)C(=O)C5=C(C4=O)C=CC=C5O)O)N)O,1,
CC1C(C(CC(O1)OC2CC(CC3=C2C(=C4C(=C3O)C(=O)C5=C(C4=O)C(=CC=C5)OC)O)(C(=O)CO)O)N)I,1,
CC1=C(C(=NC=C1CO)C)O,1,
C1=CC(=CC=C1Cl)Cl,1,
CCOP(=O)(CC1=CC=C(C=C1)C(=O)NC2=C(C=C(C=C2)Br)C#N)OCC,1,
CCN(CC)C1=CC=C(C=C1)C=O,1,
C[N+]1(CCC(CC1)OC(=O)C(C2=CC=CC=C2)C3=CC=CC=C3)C,1,
CCS(=O)(=O)C1=CC=C(C2=CC=CC=C21)S(=O)(=O)N,1,
CC1C(C(C(C(O1)OCC2C(C(C(C(O2)OC3=C(OC4=CC(=CC(=C4C3=O)O)O)C5=CC(=C(C=C5)O)O)O)O)OC6C(C(C(C(O6)CO)O)O)O)O)O)O,1,
CCN(CC)P1(=O)NC(CCO1)OO,1,
CCC(C=CC=O)O,1,
CCCCCC(C=CC=O)O,1,
C1=CC(=CC=C1C(=O)O)O,1,
C1=CC(=CC=C1CO)O,1,
C(CC(=O)O)CO,1,
C1=CC=C2C(=C1)C(=CC(=O)O2)O,1,
C1COP(=O)(NC1O)N(CCCl)CCCl,1,
CC12CCC3C(C1CCC2O)CCC4=C3C=CC(=C4O)O,1,
CC12CCC3C(C1CCC2=O)CCC4=C3C=CC(=C4O)O,1,
CN1CC(C2=C(C1)C(=CC=C2)N)C3=CC=C(C=C3)O,1,
C1=C(C=NN1)O,1,
C1=CC=C(C=C1)C=CC2=CC=C(C=C2)O,1,
C1C2N1C(=O)N=C2N,1,
CC(CC1=CC(=C(C=C1OC)I)OC)N,1,
CC(C)C1=CC=C(C=C1)O,1,
C[N+](C)(C)CC#CCOC(=O)NC1=CC(=CC=C1)Cl.[Cl-],1,
COC1=C(C=C(C=C1)N)N,1,
CC(CC1=CC=C(C=C1)OC)N,1,
COC1=CC=C(C=C1)C=CC(=O)O,1,
COC1=CC=C(C=C1)C2CC2N,1,
CCC(CC1=CC(=C(C=C1)C)O)N,1,
CC1C(OC(=N1)N)C2=CC=CC=C2,1,
CC1=CC(=C(C=C1)O)O,1,
CC1CCC2C(C1)C(=O)OC2=O,1,
C1=CC(=CC=C1C(=O)O)N(CCCl)CCCl,1,
C1=CC(=CC=C1N)[N+](=O)[O-],1,
C1=CC(=CC=C1C(=O)O)[N+](=O)[O-],1,
C1=CC(=CC=C1CBr)[N+](=O)[O-],1,
C1=CC=C(C=C1)C2=CC=C(C=C2)[N+](=O)[O-],1,
C1=CC(=CC=C1[N+](=O)[O-])O,1,
CC(C)OP(=O)(C)OC1=CC=C(C=C1)[N+](=O)[O-],1,
C1=CC=C2C(=C1)C(=CC=[N+]2[O-])[N+](=O)[O-],1,
CC1=CC=C(C=C1)[N+](=O)[O-],1,
CN(CCCC(=O)C1=CN=CC=C1)N=O,1,
CN(CCCC(=O)O)N=O,1,
CCCCCCCCCC1=CC=C(C=C1)O,1,
C=CCCC(=O)O,1,
C1=CC=C(C=C1)C2=CC=C(C=C2)C(=O)O,1,
C1=CC=C(C=C1)CCCC(=O)O,1,
C1=CC(=CC=C1N)N,1,
CCC(=O)OC1(CCN(CC1)C)C2=CC=CC=C2,1,
CC(C)(C)CC(C)(C)C1=CC=C(C=C1)O,1,
CC1=CC=C(C=C1)S(=O)(=O)F,1,
CC1=CC=C(C=C1)N,1,
CC1=CC=C(C=C1)N=C=O,1,
CC1=CC=C(C=C1)C,1,
COC1=C(C=C(C=C1)CC2C(=O)NC(=O)S2)C(=O)NCC3=CC=C(C=C3)C(F)(F)F,1,
C=CC#CC1=CC=C(S1)C2=CC=CS2,1,
CN=NNC1=C(NC=N1)C(=O)N,1,
C1=CSC=C1C2=NN=NN2CC(=O)O,1,
CC1(CCC=[N+]1[O-])C,1,
C1C(NC2=C(N1)N=C(NC2=O)N)CNC3=CC=C(C=C3)C(=O)NC(CCC(=O)O)C(=O)O,1,
C1=C2C(=CC(=C1O)O)NC=C2CCN,1,
CCCN(CCC)C1CC2=CC(=C(C=C2C1)OC)OC.Cl,1,
COC1=C(C=C(C=C1)C2=CC(=O)C3=C(O2)C=C(C=C3OC)OC)OC,1,
C1=C(C=C(C2=C1NC(=CC2=O)C(=O)O)Cl)Cl,1,
C1=C(C=C(C2=C1C(=CN2)CCN)O)O,1,
COC1=CC2=C(C=CC(=O)O2)C(=C1)OC,1,
COC1=CC2=C(C(=C1)OC)C(=O)C=C(O2)C3=CC=CC=C3,1,
CCCCCC#CCC#CCC#CCC#CCCCC(=O)O,1,
CC1=C2C(=CO1)CC3=C(C=CC(=C3C2=O)O)O,1,
CC(=O)C1CCC2C1(CCC3C2CCC4C3(CCC(=O)C4)C)C,1,
C1=C(OC(=C1)[N+](=O)[O-])C=CC2=NOC(=N2)N,1,
C1C2C3=CC=CC=C3C(N2)(C4=CC=CC=C41)C(=O)N,1,
C(CCN)CC(=O)O,1,
CC12CCCCC1=CCC3C2CCC4(C3CC(C4=O)F)C,1,
C1=CC=C(C=C1)CC2=CN(C(=O)NC2=O)COCCO,1,
C1C(C(OC1N2C=C(C(=NC2=O)N)Cl)CO)O,1,
CN1C(=O)C=C(S1)Cl,1,
CC1=C(ON=C1C)NS(=O)(=O)C2=CC=CC3=C2C=CC=C3N(C)C,1,
C1=C(C=NC=N1)F,1,
C1=C(C(=O)NC(=O)N1CC(C(=O)O)N)F,1,
CCCCCC(CCCC(=O)O)O,1,
C1=NC(=O)NC(=C1CO)N,1,
C1=C(OC(=C1)C=O)CO,1,
CC(CCCN)NC1=CC(=C(C2=C1N=CC=C2)O)OC,1,
C1=C(N=CC(=O)N1)C(=O)O,1,
C1CNCC2=C1C3=C(N2)C=CC(=C3)O,1,
C1=CC2=C(C=C1O)C(=CN2)CC(C(=O)O)N,1,
CC1C(C(CC(O1)OC2CC(CC3=C2C(=C4C(=C3O)C(=O)C5=C(C4=N)C(=CC=C5)OC)O)(C(=O)C)O)N)O,1,
CCCNC1CCC2=C(C1C)C=CC=C2OC,1,
CC(C)N(CCC1=CNC2=C1C=C(C=C2)OC)C(C)C,1,
COC1=C2C=CC(=O)OC2=CC3=C1C=CO3,1,
COC1=CC2=C(C=C1)NC=C2CCN,1,
COC1=CC=CC2=C1C3=C(N2)CNCC3,1,
CC1=CC2=CC=CC=C2C3=C1C4=CC=CC=C4C=C3,1,
CC1=C(NC(=O)N=C1)N,1,
CC1=CC(=CN=C1)C(=O)N,1,
CC1=CC(=NN1)C(=O)O,1,
CN1C(CNC2=C1C(=O)NC(=N2)N)CNC3=CC=C(C=C3)C(=O)NC(CCC(=O)O)C(=O)O,1,
CC1=C(N(C(=O)N(C1=O)C)C)NCCCN2CCN(CC2)C3=CC=CC=C3OC,1,
C1=CC=C(C=C1)CCCNC2=C(C=C(C=C2)[N+](=O)[O-])C(=O)O,1,
C1CC2=CC=C(C3=CC=CC1=C23)[N+](=O)[O-],1,
C1=CC=C(C=C1)C2=CN=C(C=C2)N,1,
CC(C1(CCC2C1(CCC3C2CC=C4C3(CCC(C4)O)C)C)O)O,1,
CCCNC1CC2=C3C(=CC=C2)NC(=O)N3C1,1,
C(C(C(C(C(C=O)O)O)O)S)O,1,
C1=CC2=C(C=C1Cl)NC(=O)C(=O)N2,1,
COC1=C(C=C2C(=C1)N=CC(=N2)C3=CC=CC=C3)OC,1,
C1=CC(=NC=C1C(=O)N)N,1,
CC12CCC(=O)C=C1C(CC3C2C(CC4(C3CCC4(C(=O)CO)O)C)O)O,1,
C1CC1CN2CCC34C5C(CCC3(C2CC6=C4C(=C(C=C6)O)O5)O)O,1,
COC1=C(C=C2C(=C1)CCN=C2CC3=CC(=C(C=C3Br)OC)OC)OC,1,
C1=CC(=NC=C1C(=O)O)Cl,1,
C1=C(C(=CC2=C1NC(=O)C(=O)N2)[N+](=O)[O-])C#N,1,
CC1=C(C2=C(CCC(O2)(C)C(=O)O)C(=C1O)C)C,1,
C1=C(C(=CC(=C1O)O)O)CC(C(=O)O)N,1,
CC(C)OC1=CC2=C(C=C1)C(=O)C3=C(O2)C=CC(=C3)C(=O)O,1,
CC(C)CCCC(C)C1CCC2C1(CCC3C2CC(=O)C4C3(CCC(C4)O)C)C,1,
CCCCCC(C=CC1C(CC(C1CC(=O)CCCCC(=O)O)O)O)O,1,
CC1=C2CN3CC(=O)NC3=NC2=CC=C1.Cl,1,
CC1=CC(=CC2=C1OC3=C2C(=CC(=C3)Cl)Cl)Cl,1,
CN1C2=CC=CC=C2N(C3=CC=CC=C3S1(=O)=O)C(=O)CN(C)C,1,
CC1=CC2=C(C=C1)OC(=O)C=C2,1,
C1=CC=C2C(=C1)C3=C4C(=C2[N+](=O)[O-])C=CC5=CC=CC(=C54)C=C3,1,
CC(=O)OC1C=CC2C3CC4=C5C2(C1OC5=C(C=C4)O)CCN3C,1,
CCCCCCCCCCCCCCCC(=O)OCC(C1C(=C(C(=O)O1)O)O)O,1,
CCCCCCCCCCCCCCCCCC(=O)OCC1C(C(C(C(O1)O)NC(=O)C)OC(C)C(=O)NC(C)C(=O)NC(CCC(=O)N)C(=O)O)O,1,
C1=NC2=C(N1C3C(C(C(O3)COP(=O)(O)O)O)O)NC(=NC2=S)N,1,
CC(C)NCC(COC1=C(C=CC(=C1C(=C)N2C=CN=C2)Cl)Cl)O.Cl,1,
C1=CC=C2C(=C1)C=CC3=C2C(=O)C4=CC=CC=C4C3=O,1,
CC1=C2C=CC3=C(C2=C(C4=CC=CC=C14)C)C=CC(C3O)O,1,
CCCC1=C(C=CC2=C1OC(CC2)CCC(=O)O)OCCCOC3=C(C(=C(C=C3)C(=O)NC)OC)CC4CC4,1,
COC1=C2C(=C(C(=C1)C(=O)OC)C3=C4C(=C(C=C3C(=O)OC)OC)OCO4)OCO2,1,
COC1=CC=CC=C1CC(=N)N2CC3C(C2)C(CCC3=O)(C4=CC=CC=C4)C5=CC=CC=C5,1,
C1CNCC2=C1C=CC(=C2Cl)Cl.Cl,1,
C1=CC2=C3C(=C1)C=CC4=C3C(=CC5=C4C6C(O6)C(C5O)O)C=C2,1,
CC(=O)OCC1=C(N2C(C(C2=O)N)SC1)C(=O)O,1,
C1=CC=C2C(=C1)C=CC3=C(C4=CC=CC=C4C=C32)Cl,1,
C1=CC2=C(C=C1Cl)NC(=CC2=O)C(=O)O,1,
C1=CC2=C(C=C1Cl)NC(=CC2=S)C(=O)O,1,
CC(C)CCCC(C)C1CCC2C1(CCC3C2=CC=C4C3(CCC(C4)O)C)C,1,
COC1=CC=CC2=C1C(=NC3=C4C(=NC=N3)N(C=N4)C5CC(C(O5)CO)O)C6=C7C2=C8C(=CC7=C(N6)O)OCO8,1,
C1=CC=C2C(=C1)C=CC3=C2C4=C(N3)C=CC5=CC=CC=C54,1,
CCCN(CCC)C1CCC2=C(C1)C=C(C=C2)O,1,
C1=CC(=CC2=C1C=CC(=O)O2)O,1,
C1CN(CCN1CCCN2C3=C(C=C(C=C3)O)SC4=C2C=C(C=C4)C(F)(F)F)CCO,1,
CN(CC1=NC2=C(N=C(N=C2NC1=O)N)N)C3=CC=C(C=C3)C(=O)NC(CCC(=O)O)C(=O)O,1,
CC12C(C(CC(O1)N3C4=CC=CC=C4C5=C6C(=C7C8=CC=CC=C8N2C7=C53)C(NC6=O)O)NC)OC,1,
CC(C)CCCC(C)C1CCC2C1(CCC3C2C(=O)C=C4C3(CCC(C4)O)C)C,1,
CN1C=NC2=C1C(=O)NC(=N2)N,1,
CC1=C(C(=O)C2=C(C1=O)N3CC4C(C3(C2COC(=O)N)OC)N4)NC5=CC=C(C=C5)O,1,
C1=CC=C2C(=C1)C=CC3=C(C4=CC=CC=C4C=C32)[N+](=O)[O-],1,
C1=CC2=C(C(=C1)[N+](=O)[O-])NN=C2,1,
CCCN(CCC)C1CCC2=CC3=C(C=C2C1)OCC3,1,
CCCCCC(C=CC1C(CC2C1C(=O)C(=CCCCC(=O)O)O2)O)O,1,
CCCCCC=CCC=CCC=CCCCCCCC(=O)O,1,
CCCCCC(C=CC=CC=CC(CC=CCCCC(=O)O)O)O,1,
CN1C(=NC2=C1C(=O)N(C(=O)N2C)C)C=CC3=CC(=CC=C3)Cl,1,
CCCN1C2=C(C(=O)N(C1=O)CCC)NC(=N2)C3=CC=C(C=C3)OCC(=O)NCCN,1,
C1=CC=C(C=C1)S(=O)(=O)NC2=CC=CC3=C2N=CC=C3,1,
C1C2C(C(C(O2)N3C4=NC=NC(=C4N=C3SC5=CC=C(C=C5)Cl)N)O)OP(=O)(O1)O,1,
CN1C2=C(C(=O)N(C1=O)C)NC(=N2)C3=CC=C(C=C3)S(=O)(=O)O,1,
CC1=CC=C(C=C1)S(=O)(=O)NC2=CC=CC3=C2N=CC=C3,1,
C1C2C(C(C(O2)N3C4=NC=NC(=C4N=C3Br)N)O)OP(=O)(O1)O,1,
C1C2C(C(C(O2)N3C4=C(C(=O)NC(=N4)N)N=C3Br)O)OP(=O)(O1)O,1,
C1=C2C(=NC(=N1)N)N(C(=N2)Br)C3C(=C(C(O3)COP(=S)(O)O)O)O,1,
CCCN1C2=C(C(=O)N(C1=O)CCC)NC(=N2)C(C3CC3)C4CC4,1,
CCCCCC(C=CC1C(CC(C1CC=CCCCC(=O)O)O)O)O,1,
C1C(C(OC1N2C3=C(C(=O)NC(=N3)N)NC2=O)CO)O,1,
CCCN(CCC)C1CCC2=C(C1)C(=CC=C2)O,1,
C12=C(NC(=O)N1)N=C(NC2=O)N,1,
C(C1C(C(C(O1)N2C3=C(C(=O)NC(=N3)N)NC2=O)O)O)O,1,
CS(=O)(=O)NC1=CC=CC2=C1N=CC=C2,1,
CCN(CC)CCCCCCCCOC(=O)C1=CC(=C(C(=C1)OC)OC)OC,1,
CN1C2=C(C(=O)N(C1=O)C)NC(=N2)C3=CC=CC=C3,1,
CC1=C2C=CC3=CC=CC=C3C2=C(C4=CC=CC=C14)C,1,
C1=CC=C(C=C1)C2=C3C=CC=CC3=C(C4=CC=CC=C42)C5=CC=CC=C5,1,
CCCCCCC=CC=CCCCCCCCC(=O)O,1,
CC1=C(C(CCC1)(C)C)C=CC(=CC=CC(=CC=O)C)C,1,
CCCCCC(C=CC1C(C=CC1=O)CC=CCCCC(=O)O)O,1,
CC12CC(C3(C(C1CCC2(C(=O)CO)O)CCC4=CC(=O)C=CC43C)F)O,1,
CCCCCC=CC=CC(CCCCCCCC(=O)O)O,1,
C1=CC2=C3C(=C1)C=CC4=C5C=C(C=CC5=CC(=C43)C=C2)O,1,
CCC1(C2=C(COC1=O)C(=O)N3CC4=C(C3=C2)N=C5C=CC(=CC5=C4)OC)O,1,
C1CC(OC1)N2C=NC3=C(N=CN=C32)N,1,
CN1CC2CCC3=C(C2C1)C=CC(=C3O)O,1,
CN1CCC2=CC(=C(C=C2C1CC3=CC(=C(C=C3Br)OC)OC)O)OC,1,
C1C2CC3CC1CC(C2)(C3)C4CC5=C(C=CC(=C5O)O)C(O4)CN.Cl,1,
COC1=C(C=C2CN(CCC2=C1)C3=NC4=CC(=C(C=C4C(=C3)N)OC)OC)OC.CS(=O)(=O)O,1,
CC(C)OC(=O)C1=NC=C2C(=C1COC)C3=C(N2)C=CC(=C3)OCC4=CC=CC=C4,1,
CC(C)C1=CC2=CCC3C(C2CC1)(CCCC3(C)C(=O)O)C,1,
C1=NC(=C(N1C2C(C(C(O2)CO)O)O)N)C(=O)N,1,
CC(=O)NCCCS(=O)(=O)O,1,
CC1C(C(C(C(O1)OC2C(OC(C(C2O)O)OC3C(OC(C(C3O)O)O)CO)CO)O)O)NC4C=C(C(C(C4O)O)O)CO,1,
C1=C(C=C(C2=C1NC(=O)C(=O)N2)Cl)C(F)(F)F,1,
CCCC(=O)NC1=CC(=C(C=C1)OCC(CNC(C)C)O)C(=O)C,1,
CCN(CC)CCNC(=O)C1=CC=C(C=C1)NC(=O)C,1,
CC(=O)OC1CN2CCC1CC2,1,
C1=CC=C(C(=C1)CC(=O)OCC(=O)O)NC2=C(C=CC=C2Cl)Cl,1,
CC(=O)OC1C2C(C(C(=O)O2)OC(=O)C)OC1=O,1,
C1=CC2=C3C(=C1)C=CC3=CC=C2,1,
CC(=O)CC(C1=CC=C(C=C1)[N+](=O)[O-])C2=C(C3=CC=CC=C3OC2=O)O,1,
CC(=O)NP(=O)(OC)SC,1,
CC(=O)C1=CC2=C(C=C1)SC3=CC=CC=C3N2CCCN(C)C,1,
CC(CN1C2=CC=CC=C2SC3=C1C=C(C=C3)C(=O)C)N(C)C,1,
CC(=O)NCC1(CCN(CC1)CCCC(=O)C2=CC=C(C=C2)F)C3=CC=CC=C3,1,
CC(=O)NC1=CC=C(C=C1)O,1,
CC(=O)NC1=CC=C(C=C1)SCC(C(=O)O)N,1,
CC(=O)NC1=NN=C(S1)S(=O)(=O)N,1,
CCC1=CC=CC(=C1N(COCC)C(=O)CCl)C,1,
CC(=O)C1=CC=C(C=C1)S(=O)(=O)NC(=O)NC2CCCCC2,1,
CC(C)(C#N)O,1,
CC(=O)C1=CC2=C(C=C1)SC3=CC=CC=C3N2CCCN4CCN(CC4)CCO,1,
CC(=O)C1=CC(=C(C=C1)O)OC,1,
CC(=NO)C,1,
CC(=O)OC1=CC2=C(C=C1)C3CCC4(C(C3CC2)CCC4=O)C,1,
CC(=O)OC(CC(=O)[O-])C[N+](C)(C)C,1,
CC(=O)OCC[N+](C)(C)C,1,
CC(=O)OC1C=CC2C3CC4=C5C2(C1OC5=C(C=C4)OC)CCN3C,1,
CC(=O)SCCNC(=O)CCNC(=O)C(C(C)(C)COP(=O)(O)OP(=O)(O)OCC1C(C(C(O1)N2C=NC3=C(N=CN=C32)N)O)OP(=O)(O)O)O,1,
CC(=O)NC(CS)C(=O)O,1,
CC(=O)NN,1,
CCCCC(C=O)NC(=O)C(CC(C)C)NC(=O)C(CC(C)C)NC(=O)C,1,
CC(C(=O)NC(CCC(=O)O)C(=O)N)NC(=O)C(C)OC1C(C(OC(C1O)CO)O)NC(=O)C,1,
C1=CC=C2C(=C1)C(C(C3=CC=CC=C3N2C(=O)N)O)O,0,
CC(C(=O)N1C2=CC=CC=C2SC3=CC=CC=C31)N(C)C,0,
C1=CC=C2C(=C1)C(=O)C3=CC=CC=C3N2CC(=O)O,0,
CC1=C(C(=O)C2=C(C1=O)N3CC4C(C3(C2CO)OC)N4)N,0,
C1C(NC2=C(N1)N=C(NC2=O)N)CN(C=O)C3=CC=C(C=C3)C(=O)NC(CCC(=O)O)C(=O)O,0,
CCC1(C2=C(COC1=O)C(=O)N3CC4=CC5=C(C=CC=C5O)N=C4C3=C2)O,0,
CNCCC=C1C2=CC=CC=C2CC(C3=CC=CC=C31)O,0,
CC(=O)C(C(C1=CC=CC=C1)C2=C(C3=CC=CC=C3OC2=O)O)O,0,
C1=CC2=C(C3=C(C=CC=N3)C=C2)N=C1,0,
CCCCCC(C=CC(C(CC=CCC=CCCCC(=O)O)O)O)O,0,
C(C(F)(F)F)(F)Cl,0,
CCCCCC(C(C=CC(CC=CCC=CCCCC(=O)O)O)O)O,0,
CC#CC1(CCC2C1(CC(C3C2C=C(C4=CC(=O)C=CC34C)C)O)C)O,0,
C(C(Br)Br)(Br)Br,0,
C1=CC2=C3C(=C1)C4=CC=CC5=C4C6=C(C=C5)C=CC(=C36)C=C2,0,
C(C(Cl)Cl)Cl,0,
CCC(=C(C1=CC=C(C=C1)O)C2=CC=C(C=C2)O)C3=CC=CC=C3,0,
CN(C)C1=CC=CC2=C1C=CC=C2S(=O)(=O)NCCCCCCCCCCC(=O)O,0,
CC12CCC(=O)C=C1CCC3C2C(=O)CC4(C3CCC4C(=O)CO)C,0,
CCCCCC(C=CC1C(C(CC(=O)O1)O)CC=CCCCC(=O)O)O,0,
C1CC(=O)C(C1C=CC(COC2=CC=CC=C2)O)CCCCCCC(=O)O,0,
CCCCCC(C=CC1CCC(=O)C1CCCCCCC(=O)O)O,0,
CCN(CC)N(N=O)[O-],0,
C1=CC=C(C=C1)N(C2=CC=CC=C2)[N]C3=C(C=C(C=C3[N+](=O)[O-])[N+](=O)[O-])[N+](=O)[O-],0,
C1=CC=C(C=C1)N(C2=CC=CC=C2)N,0,
CCCCCC=CC=CC(CC=CCC=CCCCC(=O)O)O,0,
CC12CCC(=O)C=C1CCC3C2C(CC4(C3CCC4=O)C)O,0,
CCCCCC1=CC(=C2C3C=C(CCC3C(OC2=C1)(C)C)CO)O,0,
CC12CCC(=O)C=C1CCC3C2C(CC4(C3CCC4O)C)O,0,
CC12CCC(=O)C=C1CCC3C2C(=O)CC4(C3CCC4O)C,0,
C1CN(CCN1)C2=CC=CC3=CC=CC=C32,0,
CCCCCC1=CC(=C2C3C=C(CCC3C(OC2=C1)(C)C)C(=O)O)O,0,
CCCCCC1=CC(=C2C3CC(=CCC3C(OC2=C1)(C)C)C=O)O,0,
C1=C2C(=C(C(=C1Cl)Cl)Cl)OC3=C(O2)C(=C(C(=C3Cl)Cl)Cl)Cl,0,
C1=C2C(=CC(=C1Cl)Cl)OC3=C(O2)C(=C(C(=C3Cl)Cl)Cl)Cl,0,
C1=C2C(=CC(=C1Cl)Cl)OC3=C2C(=C(C(=C3Cl)Cl)Cl)Cl,0,
COC1=CC=C(C=C1)CCCOC(CN2C=CN=C2)C3=CC=C(C=C3)OC.Cl,0,
C1=CC=C2C(=C1)OC3=C(O2)C(=C(C(=C3Cl)Cl)Cl)Cl,0,
C1C(NCC2=CC=CC=C21)C(=O)O,0,
C1=C(C=C(C(=C1Cl)Cl)Cl)Cl,0,
C1=C2C(=C(C(=C1Cl)Cl)Cl)OC3=CC(=C(C(=C3O2)Cl)Cl)Cl,0,
C1=C2C(=CC(=C1Cl)Cl)OC3=CC(=C(C(=C23)Cl)Cl)Cl,0,
C1=C2C(=CC(=C1Cl)Cl)OC3=C(C(=C(C=C3O2)Cl)Cl)Cl,0,
CN(C)CC(COC1=CC=CC=C1CCC2=CC=C(C=C2)OC)O,0,
C(C(CCl)Cl)Cl,0,
CC(CCC(C(C)(C)O)O)C1CCC2C1(CCCC2=CC=C3CC(CC(C3=C)O)O)C,0,
C1=C(C(=CC(=C1Br)Br)Br)Br,0,
C1=C(C(=CC(=C1Cl)Cl)Cl)Cl,0,
CC(C)C(C)(C=CC(C)C1CCC2C1(CCCC2=CC=C3CC(CC(C3=C)O)O)C)O,0,
C1=NC=NN1,0,
C1=CC(=C(C=C1Cl)Cl)Cl,0,
CC1CCC(C(C1)C)C,0,
C1=CC=C2C(=C1)C=CC3=CC4=C(C=CC5=CC=CC=C54)C=C32,0,
CC(CCCC(C)(C)O)C1=CCC2C1(CCCC2=CCC3C=C(CC(C3=C)O)O)C,0,
CC(CCCC(C)(C)O)C1CCC2C1(CCCC2=CC=C3CC(CC(C3)O)O)C,0,
CCC(CC)(CCCC(C)C1CCC2C1(CCCC2=CC=C3CC(CC(C3=C)O)O)C)O,0,
CC(C=CC(C)C(C)(C)O)C1CCC2C1(CCCC2=CC=C3CC(CC(C3=C)O)O)C,0,
CC(CCCC(C)(C)O)C1CCC2C1(CCCC2=CC=C3CC(CC(C3=C)O)O)C,0,
CC1=C(C(=CC=C1)C)OCC(C)NCCC2=CC(=C(C=C2)OC)OC,0,
C1=CC(=C(C2=C1OC3=CC(=C(C=C32)Cl)Cl)Cl)Cl,0,
C1=CC=C2C(=C1)C(=O)NS2,0,
C1=CC=C(C(=C1)N(CC(=O)O)CC(=O)O)OCCOC2=CC=CC=C2N(CC(=O)O)CC(=O)O,0,
CC(=O)OCOC(=O)CN(CC(=O)O)C1=CC=CC=C1OCCOC2=CC=CC=C2N(CC(=O)O)CC(=O)O,0,
C(CCl)N(C(=O)N)N=O,0,
CC1CC2(C(C2(C)C)C3C1(C4C=C(C(=O)C4(CC(=C3)COC(=O)C)O)C)O)OC(=O)CC5=CC=CC=C5,0,
CC(=O)C1=CC=CC=C1C(=O)C,0,
C1=CC=C(C(=C1)N)N,0,
C(CC(CBr)(C#N)Br)C#N,0,
C1=CC(=C(C=C1[N+](=O)[O-])Cl)Cl,0,
CCCCCCCCCC(=O)OCC(CO)OC(=O)CCCCCCCCC,0,
CCCCCCCCC=CCCCCCCCC(=O)OCC(COP(=O)(O)OCCO)OC(=O)CCCCCCCC=CCCCCCCCC,0,
CCC1=C(C(=O)C=CN1CC)O,0,
CC1=CC2=CC=CC=C2C3=C1C4=C(C=C3)C(C(C=C4)O)O,0,
CC(C)C1CC2=C(O1)C=CC3=C2OC4COC5=CC(=C(C=C5C4C3=O)OC)OC,0,
C1=CC=C(C=C1)CCC2=CC=CC=C2,0,
C1=CC=C2C(C(C=CC2=C1)O)O,0,
C1=C(C=C(C(=C1O)O)S(=O)(=O)[O-])S(=O)(=O)[O-].[Na+].[Na+],0,
C1=CC=C2C(=C1)C=CC(=C2O)O,0,
CCCCCCCCCCCC(=O)OCC(COP(=O)([O-])OCC[N+](C)(C)C)OC(=O)CCCCCCCCCCC,0,
CC1=C(C=C(C=C1)[N+](=O)[O-])C,0,
CNNC,0,
CC1=C(C2=CC=CC=C2C=C1)C,0,
C1=CC=C(C(=C1)[N+](=O)[O-])[N+](=O)[O-],0,
CCCCCCCC(=O)OCC(CO)OC(=O)CCCCCCC,0,
CCCCCCCCC=CCCCCCCCC(=O)OCC(C[N+](C)(C)C)OC(=O)CCCCCCCC=CCCCCCCCC,0,
CCCCCCCCC=CCCCCCCCC(=O)OCC(COP(=O)(O)OCC(CO)O)OC(=O)CCCCCCCC=CCCCCCCCC,0,
CCCCCCCCCCCCCCCC(=O)OCC(COP(=O)([O-])OCC[N+](C)(C)C)OC(=O)CCCCCCCCCCCCCCC,0,
CCCCCCCCCCCCCCCC(=O)OCC(COP(=O)(O)OCC(CO)O)OC(=O)CCCCCCCCCCCCCCC,0,
C1CN(CCN1CCOC(C2=CC=CC=C2)C3=CC=CC=C3)CC=CC4=CC=CC=C4,0,
CCCCCCCCCCCCCCCCCC(=O)OCC(COP(=O)([O-])OCC[N+](C)(C)C)OC(=O)CCCCCCCCCCCCCCCCC,0,
C1=CC=C2C(=C1)C=CC3=C2C4=C(C=C3)C(C(C5C4O5)O)O,0,
C1CC(CC=C1)C2CO2,0,
CCCCCC=CCC(C=CC=CCC=CCCCC(=O)O)OO,0,
CCCCCC=CCC(C=CC=CCC=CCCCC(=O)O)O,0,
CCCCCC(C=CC=CCC=CCCCC(=O)O)O,0,
C(CCCCCC(=O)O)CCCCCO,0,
C(CO)N(C(=O)N)N=O,0,
C12C3C(C(C1=O)C4C2O4)C5(C(=C(C3(C5(Cl)Cl)Cl)Cl)Cl)Cl,0,
COC1=CC=CC=C1N2CCN(CC2)CCCCN3C(=O)C4=CC=CC=C4C3=O.Br,0,
COC1=CC=CC=C1N2CCNCC2,0,
CC1=C2C(=CC3=CC=CC=C13)C=CC4=CC=CC=C42,0,
C1=CC=C2C(=C1)C=CC(=O)C2=O,0,
CCCCCCCCC=CCCCCCCCC(=O)OCC(COP(=O)([O-])OCC[N+](C)(C)C)OC(=O)CCCCCCCC=CCCCCCCCC,0,
CCCCCC(=O)CCC1C(C(CC1=O)O)CC=CCCCC(=O)O,0,
CCCCCC(=O)CCC1C(CC(=O)C1CCCCCCC(=O)O)O,0,
C=CCN1C(=O)N(C(=O)N(C1=O)CC=C)CC=C,0,
C1=C(C=C(C=C1Br)Br)Br,0,
C1=CC2=C3C(=C(C=C2[N+](=O)[O-])[N+](=O)[O-])C=CC4=C(C=CC1=C43)[N+](=O)[O-],0,
C1=C(C=C(C2=C1OC3=CC(=C(C=C3O2)Cl)Cl)Cl)Cl,0,
CN1C2=C(NC1=O)N(C(=O)N(C2=O)C)C,0,
C1=C(C=C(C2=C1C(=O)C3=C(C2=O)C(=CC(=C3)O)O)O)CO,0,
C=CC=C,0,
CC(CCO)O,0,
C1=CC(=CC(=C1)Cl)N=C(N)N=C(N)N,0,
C1CN(CCN1)C2=CC(=CC=C2)Cl,0,
CC1=C(C(CCC1)(C)C)C=CC(=CC=C(C2=CC(=CC=C2)C(=O)O)C(=CC(=O)O)C)C,0,
CC1=C(C(CCC1)(C)C)C=CC(=CC=CC(=CC=O)C)C,0,
C(C=CCl)Cl,0,
C(C(CCl)O)Cl,0,
C1=CC(=CC(=C1)Cl)Cl,0,
C1CCC(CC1)NC(=O)NC2CCCCC2,0,
CC1(C([N+](=C(N1[O])C2=CC=C(C=C2)C(=O)O)[O-])(C)C)C,0,
CNC(=S)NC,0,
CC1=CC=C(C=C1)CC2=CC=C(C=C2)C,0,
CCCN1C2=C(C(=O)N(C1=O)CCC)NC(=N2)C3=C(C=C(C=C3)Cl)N,0,
CCCN1C2=C(C(=O)N(C1=O)CCC)NC(=N2)C3=CC=C(C=C3)S(=O)(=O)O,0,
CCCCCC(C=CC=CCCCCCCCC(=O)O)OO,0,
CCCCCC(C=CC(=O)CCCCCCCCC(=O)O)O,0,
CCCCCC(C=CC=CCCCCCCCC(=O)O)O,0,
CCCCCC(=O)C=CC=CCCCCCCCC(=O)O,0,
C1COS(=O)(=O)C1,0,
C1CN(CCN1)C2=CC=CC(=C2)C(F)(F)F,0,
CCCCCC1C(O1)CC=CCC=CCC=CCCCC(=O)O,0,
CN1CCN(CC1)C(=O)C2=NC(=C(S2)C3=CC=C(C=C3)OC)C4=CC=C(C=C4)OC.Cl,0,
C1CNCCNCCN1,0,
CC12CCC3C(C1CCC2=O)CCC4=CC(=O)C=CC34C,0,
C1=CC=C2C=C3C(=O)C=CC(=O)C3=CC2=C1,0,
C1=CC(=CC=C1OC2=C(C=C(C=N2)Cl)Cl)OC3=C(C=C(C=N3)Cl)Cl,0,
C1C(O1)COCCCCOCC2CO2,0,
C1=CC=C(C=C1)C2C(N(NC2=O)C(=O)NC3=CC=C(C=C3)Br)C4=CC=CC=C4,0,
C1CN(CCN1)C2=CC=C(C=C2)Cl,0,
C1CC(CCC1CO)CO,0,
C1=CC=C2C(=C1)C(=O)C3=C(C=CC(=C3C2=O)N)N,0,
C1CC(CCC1N)N,0,
C1=CC(=CC=C1Br)Br,0,
C1C(C(C(N1)CO)O)O,0,
C1C=CNC=C1,0,
C1=CC=C2C(=C1)C(=CC(=C2O)C(=O)O)O,0,
C1=CC=C2C(=C1)C(=O)C3=C(C=CC(=C3C2=O)O)O,0,
CC1=CC=C(C2=CC=CC=C12)C,0,
C1=CC(=CC=C1[N+](=O)[O-])[N+](=O)[O-],0,
C1COCCO1,0,
C1CSCCS1,0,
CCCC12COC(OC1)(OC2)C3=CC=C(C=C3)C#C,0,
COC1=CC2=C(C=CC=C2N3CCN(CC3)CCNC(=O)C4=CC=C(C=C4)F)C=C1.Cl,0,
CC1=CCCC(C1=CC=C(C)C=CC=C(C)C(CO)O)(C)C,0,
CCCCCCCCC(C=CC=CC=CC=CC=CC=CC(=O)O)O,0,
CCC(=C(C1=CC=CC=C1)C2=CC=C(C=C2)O)C3=CC=CC=C3,0,
CC12C(=O)CCC3(C14CCN(C3CC5=C4C(=C(C=C5)O)O2)C)OC,0,
CS(=O)(=O)C1=CC=C(C=C1)N2C(=CC(=N2)C(F)(F)F)C3=CC=C(C=C3)F,0,
C1=CC=C2C(=O)C=CC(=O)C2=C1,0,
C1=CC=C2C(=C1)C=CC3=C2C(=O)C=CC3=O,0,
C1=CC(=CC=C1C[Se]C#N)C[Se]C#N,0,
CC12CCC3C(C1CCC2=O)CCC4=C3C=CC(=O)C4=O,0,
CC1=CC2C(C(C1=O)O)(C3(CC(C(C34CO4)O2)O)C)COC(=O)C,0,
C1C(=O)C(C(C(O1)CO)O)O,0,
C1=CC2=C(C=CC=C2O)C(=C1)O,0,
CCCCCC(C=CC=CCC=CCC=CCCCC(=O)O)OO,0,
CCCCCC(C=CC1C2CC(C1CC=CCCCC(=O)O)CO2)O,0,
CCC=CCC(C=CC=CCC=CCC=CCCCC(=O)O)O,0,
CCCCCC(C=CC=CCC=CCC=CCCCC(=O)O)O,0,
CC12CCC(=O)C=C1CCC3C2CCC4(C3C(CC4O)O)C,0,
CC1CNCCN1S(=O)(=O)C2=CC=CC3=C2C=CN=C3,0,
CC1CN(CCN1)S(=O)(=O)C2=CC=CC3=C2C=CN=C3,0,
CCCCCC(=O)CCC1C(CC(=O)C1CC=CCCCC(=O)O)O,0,
CCCCCC(=O)CCC1C(CC(C1CC=CCCCC(=O)O)O)O,0,
CCCCCC(=O)C=CC=CCC=CCC=CCCCC(=O)O,0,
CCCCCC(=O)C=CC1C(CC(=O)C1CCCCCCC(=O)O)O,0,
CCCCCC(=O)C=CC1C(CC(=O)C1CC=CCCCC(=O)O)O,0,
CCCCCC(=O)C=CC1C(CC(C1CC=CCCCC(=O)O)O)O,0,
C1=CC2=C(C=CC=C2N)C(=C1)N,0,
CCCCC(C)(C)C(C=CC1C(CC(=O)C1CC=CCCCC(=O)O)O)O,0,
CC12CCC3C(C1CCC2NCCCCCCN4C(=O)C=CC4=O)CCC5=C3C=CC(=C5)OC,0,
CC(=O)C12C(O1)CC3C2(CCC4C3CCC5=CC(=O)CCC45C)C,0,
CC12CCC3C(C1CC(C2O)Br)CCC4=C3C=CC(=C4)O,0,
CCC1CC2C3CCC4=CC(=O)CCC4C3CCC2(C1C(=O)CO)C,0,
CC12CCC3C(C1CC(C2O)I)CCC4=C3C=CC(=C4)O,0,
C1CCC(=NOC(=O)NCCCCCCNC(=O)ON=C2CCCCC2)CC1,0,
C(CCCN)CCN,0,
C(C1C(C(C(C(O1)OC2(C(C(C(O2)CCl)O)O)CCl)O)O)O)O,0,
C1=CC2=C(C=CC3=C2C4=C1C=CC(=C4C=C3)[N+](=O)[O-])[N+](=O)[O-],0,
C(CCCN=C=O)CCN=C=O,0,
CC1CCC2(C(C1(C)CCC3=CC(=O)OC3O)CCC=C2C)C,0,
CC12CCC3C(C1CC(C2=O)O)CCC4=C3C=CC(=C4)O,0,
CC(=O)C1C(CC2C1(CCC3C2CCC4=CC(=O)CCC34C)C)O,0,
CC12CCC3C(C1CC(=O)C2=O)CCC4=C3C=CC(=C4)O,0,
CC12CCC(=O)C=C1CCC3C2CCC4(C3CCC4(CCO)O)C,0,
CC(C1(CCC2C1(CCC3C2CCC4=CC(=O)CCC34C)C)O)O,0,
CC12CCC3C(C1CCC2(C#C)O)CCC4=C3CCC(C4)O,0,
CC(=O)C1(CCC2C1(CCC3C2CC=C4C3(CCC(C4)O)C)C)OO,0,
CC(=O)C1(CCC2C1(CCC3C2CC=C4C3(CCC(C4)O)C)C)O,0,
CC(=O)C1(CCC2C1(CCC3C2CCC4=CC(=O)CCC34C)C)O,0,
CC12CCC3C(C1CCC2(C#CI)O)CCC4=C3C=CC(=C4)O,0,
CC12CCCC1C3CCC4=C(C3CC2)C=CC(=C4)O,0,
CN1C2=C(NC1=O)NC(=O)N(C2=O)C,0,
CN1C=NC2=C1C(=O)N(C(=O)N2)C,0,
CCC=CCC(C=CC=CCC=CCC=CCC=CCCC(=O)O)O,0,
CC1=C2C3C4(O3)CCC5C(CCCC5(C4C6C2(O6)OC1O)C)(C)C,0,
CCN(CC)C(=O)C1CCC2C1(CCC3C2CCC4C3(CCC(=O)N4C)C)C,0,
C1=CC2=C(C3=C(C=C2)N=CC=C3)N=C1,0,
CC1(C2CCC3(C(C2(CCC1O)C)C(=O)C=C4C3(CCC5(C4CC(CC5)(C)C(=O)O)C)C)C)C,0,
C1=CC2=C3C(=C(C=C2)[N+](=O)[O-])C=CC4=C(C=CC1=C43)[N+](=O)[O-],0,
CCCCCCCC(C=CC#CC#CC(C=C)O)O,0,
CC12CCC(=O)C=C1CCC3C2CCC4(C3CCC4C(=O)CO)CO,0,
CC12CCC(=O)C=C1CCC3C2C(CC4(C3CCC4(C(=O)CO)O)C=O)O,0,
CC(=O)OC1C(C2C(CCCC2(C3C1(OC(CC3=O)(C)C=C)C)C)(C)C)O,0,
CC(CCCC=CCC=CCC=CCC=CCCCC(=O)O)O,0,
CC(=O)OCC(=O)C1CCC2C1(CCC3C2CCC4=CC(=O)CCC34C=O)C,0,
CC(C)C(CCC(C)C1CCC2C1(CCCC2=CC=C3CC(CC(C3=C)O)O)C)O,0,
C1CC(CC1C(=O)O)(C(=O)O)N,0,
C1=CC=C2C(=C1)C(=O)C3=C(C2=O)C(=C(C=C3Br)Br)N,0,
C1=CC2=C3C(=C(C=C2)[N+](=O)[O-])C=CC4=C(C=CC1=C43)N,0,
C1=CC=C2C(=C1)C(=O)C3=C(C2=O)C(=CC=C3)N,0,
C1=CC=C2C(=C1)N=NN2N,0,
C1CC1(N)O,0,
C(N)P(=O)(O)O,0,
C1=CC2=C3C(=C1)C=CC4=C(C=CC(=C43)C=C2)N,0,
C1=CC=C(C=C1)CN2C=CN=C2,0,
C1CN(CCN1)CC2=CC=CC=C2,0,
C1CCN(CC1)CC2=CC=CC=C2,0,
C1=CC(=C(C=C1[N+](=O)[O-])[N+](=O)[O-])Br,0,
CCCCCCBr,0,
CCCBr,0,
CCCCO,0,
CCCC(=O)OCC(CO)O,0,
C1=CN(C=N1)CCCCCCCC(=O)O,0,
CC1(C2=CC(=C(C=C2CCN1)O)OC)C(=O)O,0,
CC1(C2=CC(=C(C=C2CCN1)O)O)C(=O)O,0,
CS(=O)(=O)C1=C(C=CC(=C1)Cl)C(=C(Cl)Cl)C2=CC=C(C=C2)Cl,0,
C1=CC=C2C(=C1)C=CC=C2Cl,0,
C1=CC2=C3C(=C1)C=CC4=C(C=CC(=C43)C=C2)Cl,0,
C(C1C(C(C(C(O1)OC2(C(C(C(O2)CO)O)O)CCl)O)O)O)O,0,
C=CC(CC#N)O,0,
CC(C1CCCCC1)N,0,
C1=CN=C2C(=C1N)N=CN2C3C(C(C(O3)CO)O)O,0,
C1C(C(C(C(N1)CO)O)O)O,0,
CCC1=C2C=CC3=CC=CC4=C3C2=C(C=C4)C=C1,0,
C#CC1=C2C=CC3=CC=CC4=C3C2=C(C=C4)C=C1,0,
C1=CC2=NNN=C2C=C1C(=O)O,0,
CCCCCCCCCCCCCCCCCCCCCCCCCCO,0,
CCCCCCO,0,
C1=CC=C2C(=C1)C=CC(=C2O)C(=O)O,0,
C1=CC=C2C3=C4C(=CC2=C1)C=CC5=C4C(=C(C=C5)O)C=C3,0,
COC1=CC=C(C=C1)C(C=C)O,0,
CC[O-],0,
C1C2=CN=C(N2C3=C(C=C(C=C3)Cl)C(=N1)C4=CC=CC=C4F)CO,0,
C1C2=CN=C(N2C3=C(C=C(C=C3)Cl)C(=N1)C4=CC=CC=C4F)COC5C(C(C(C(O5)C(=O)O)O)O)O,0,
C1=CC=C2C(=C1)C=CC3=C2C=CC=C3O,0,
C1=CC2=C3C(=C1)C=CC4=C(C=CC(=C43)C=C2)O,0,
C=CC(C1=CC2=C(C=C1)OCO2)O,0,
C1=CC(=C(C=C1[N+](=O)[O-])[N+](=O)[O-])I,0,
C1=CC=C2C(=C1)C=CC=C2COS(=O)(=O)O,0,
CON1C=C(C2=CC=CC=C21)CC(=NOS(=O)(=O)O)SC3C(C(C(C(O3)CO)O)O)O,0,
CC(C)CN1C2=C(C(=O)N(C1=O)C)NC=N2,0,
CN1CCC(=CC1)C2=CC=CC=C2,0,
C[N+]1=CC=C(CC1)C2=CC=CC=C2,0,
C[N+]1=CC=C(C=C1)C2=CC=CC=C2,0,
CC1=CC=CC2=CC3=CC=CC=C3C=C12,0,
CC1=C2C(=CC=C1)C=CC3=CC4=CC=CC=C4C=C32,0,
CC1=C2CC3=CC=CC=C3C2=CC=C1,0,
CN1C=CN=C1,0,
CN1C=CC2=CC=CC=C21,0,
CC1=CC=CC2=CC=CC=C12,0,
CC1=C2C=CC3=CC=CC=C3C2=CC=C1,0,
CC1=C2C=CC3=CC=CC4=C3C2=C(C=C1)C=C4,0,
CN1C(=O)C2=C(NC(=O)N2)NC1=O,0,
CN1C(=O)C2=C(NC1=O)N=CN2,0,
CCCCCCCCCCCC(=O)OCC(CO)O,0,
C1CNC2=NC3=C(C(=O)N2C1)N=CN3C4CC(C(O4)CO)O,0,
C1=CC=C2C(=C1)C=CC=C2C=O,0,
C1=CC=C2C(=C1)C=CC=C2CC(=O)O,0,
C1=CC=C2C(=C1)C=CC=C2O,0,
C1=CC=C2C(=C1)C=CC=C2CC(=O)NCCCNCCCCNCCCN,0,
C1=CC=C2C(=C1)C=CC=C2N,0,
C1=CC=C2C(=C1)C=CC=C2N=C=S,0,
C1=CC=C2C3=C4C(=CC2=C1)C=CC5=C4C(=C(C=C5)[N+](=O)[O-])C=C3,0,
C1=CC=C2C(=C1)C=CC=C2[N+](=O)[O-],0,
CCC[N+](=O)[O-],0,
C1=CC2=C3C(=C1)C=CC4=C(C=CC(=C43)C=C2)[N+](=O)[O-],0,
C1=CC2=C3C(=C1)C4C(O4)C5=C3C(=C(C=C5)[N+](=O)[O-])C=C2,0,
C1=CC2=C3C(=C1)C4C(O4)C5=C(C=CC(=C53)C=C2)[N+](=O)[O-],0,
C1=CC2=C3C(=C1)C=CC4=C(C=CC(=C43)C=C2)N=O,0,
CN1C(=S)N=NN1,0,
CCCCCCCCCO,0,
CC1=C(C(=CC=C1)NC2=CC=CC=C2C(=O)OC3C(C(C(C(O3)C(=O)O)O)O)O)C,0,
CCCCCCCCO,0,
CCCCCC(C=C)O,0,
CCCCCCCCCCCCCCCCOCC(COP(=O)([O-])OCC[N+](C)(C)C)OC(=O)NC,0,
CCCCCCOC1=C(C(=C(C(=C1)C)O)C)C,0,
CCCCCCCCC=CCCCCCCCC(=O)OCC(CO)OC(=O)C,0,
CCCCCCCCC=CCCCCCCCC(=O)OCC(COP(=O)([O-])OCC[N+](C)(C)C)O,0,
CCCCCCCCCCCCCCCC(=O)OCC(COP(=O)([O-])OCC[N+](C)(C)C)OC(=O)CCC=CCC=CCC=CCC=CCC=CCC=CCC,0,
CCCCCCCCCCCCCCCC(=O)OCC(COP(=O)([O-])OCC[N+](C)(C)C)OC(=O)CCCCCCCC=CCC=CCCCCC,0,
CCCCCCCCCCCCCCCC(=O)OCC(CO)OC(=O)CCCCCCCC=CCCCCCCCC,0,
CCC(=O)C=C,0,
C1=CC=C2C(=C1)N=C3C=CC=C(C3=N2)C(=O)O,0,
CC(=O)C(=O)C1=CC=CC=C1,0,
CN(C)C1CC(C2=CC=CC=C2C1)C3=CC=CC=C3,0,
C1=CC=C(C=C1)N=NC2=C(C=CC3=CC=CC=C32)O,0,
C1=CC=C(C=C1)N2C=CN=C2,0,
C1CN(CCN1)CC2=CC3=C(C=C2)OCO3,0,
CCCO,0,
CN1C2CCC1C(C(C2)C3=CC=C(C=C3)F)C(=O)OC,0,
C1C2C(C(S1)CCCCC(=O)NCCCCCCCCCNP3(=O)OCC4=CC=CC=C4O3)NC(=O)N2,0,
CCCCCCCCCCCCCCCCCC(=O)OCC(CO)OC(=O)CCCC=CCC=CCC=CCC=CCCCCC,0,
CCCCCCCCCCCCCCCCCC(=O)OCC(COP(=O)(O)O)OC(=O)CCCC=CCC=CCC=CCC=CCCCCC,0,
CCCCCCCCCCCCCCCCCC(=O)OCC(CO)OC(=O)CCCCCCCC=CCC=CCCCCC,0,
CCCCCCCCCCCCCCCCCC(=O)OCC(CO)OC(=O)CCCCCCCC=CCCCCCCCC,0,
C1=CC2=C3C(=C1)C=CC4=C(C=CC(=C43)C=C2)COS(=O)(=O)O,0,
C1CNC(C2=C1C3=CC=CC=C3N2)C(Cl)(Cl)Cl,0,
C=CC1=C2C=CC3=CC=CC4=C3C2=C(C=C4)C=C1,0,
CC(C1CCC2C1(CCC3C2CCC4=CC(=O)CCC34C)C)O,0,
C(CCC=CCC=CCC=CCC=CCCCC(=O)O)CCO,0,
CC(C)CCCC(C)(C1CCC2C1(CCC3C2CC=C4C3(CCC(C4)O)C)C)O,0,
CCCN1CCC2=C3C1CC4=C(C3=CC(=C2)O)C(=C(C=C4)O)O.Br,0,
C1C(NC(S1)C(C(C(CO)O)O)O)C(=O)O,0,
C1CN(CCN1CC2=CC3=C(C=C2)OCO3)C4=NC5=CC=CC=C5S4,0,
CCCCCCOC(C)C1=C(C2=NC1=CC3=NC(=CC4=C(C5=C(CC(=C6C(C(C(=C2)N6)C)CCC(=O)O)C5=N4)O)C)C(=C3C)CC)C,0,
CCC(C)C1C(CCC2(O1)CC3CC(O2)CC=C(C(C(C=CC=C4COC5C4(C(C=C(C5O)C)C(=O)O3)O)C)OC6CC(C(C(O6)C)OC7CC(C(C(O7)C)O)OC)OC)C)C,0,
C1=CC=C(C(=C1)C(C2=CC=C(C=C2)Cl)C(=O)O)Cl,0,
C(C(Cl)(Cl)Cl)O,0,
C(CCl)N(CCCl)CCCl,0,
C1=CC(=C(C(=C1C2=C(C=CC(=C2Cl)Cl)Cl)Cl)Cl)Cl,0,
C1=CC(=C(C(=C1C2=CC(=C(C=C2Cl)Cl)Cl)Cl)Cl)Cl,0,
C1=CC(=C(C=C1Cl)C2=C(C(=CC(=C2Cl)Cl)Cl)Cl)Cl,0,
C1=CC(=C(C=C1Cl)C2=C(C=CC(=C2Cl)Cl)Cl)Cl,0,
C1(C(C1C(=O)O)C(=O)O)C(C(=O)O)N,0,
C1=CC(=C(C=C1O)O)C(=O)C2=C(C=C(C=C2)O)O,0,
C1=CC(=C(C=C1Cl)Cl)C2=C(C=CC(=C2)Cl)Cl,0,
CC(C)C(C(C)(C)COC(=O)C(C)C)OC(=O)C(C)C,0,
C1=C(C(=CC(=C1Cl)N)Cl)C2=CC(=C(C=C2Cl)N)Cl,0,
CC1=C(C2=C(CCC(O2)(C)C)C(=C1O)C)C,0,
C1=CC=C(C(=C1)C2=C(C=CC(=C2)Cl)Cl)Cl,0,
C1CC(=O)NC(=O)C1N2CC3=CC=CC=C3C2=O,0,
C1=CC=NC(=C1)CCN,0,
C1=CSC(=N1)CCN,0,
CC(C)(C(=N)N)N=NC(C)(C)C(=N)N,0,
C1=CC=C(C(=C1)C2=CC=CC=C2O)O,0,
C1=CC(=CC=C1C(C2=CC=C(C=C2)O)C(Cl)(Cl)Cl)O,0,
C(C(CO)(CBr)CBr)O,0,
CC(C(=O)N)NC(=O)N(CCCl)N=O,0,
CC1=CC=CC=C1OP2(=O)OCC3=CC=CC=C3O2,0,
C(C(F)(F)F)(Cl)Cl,0,
C1=CC=C(C(=C1)C2=CC=CC=C2Cl)Cl,0,
C1=CC2=C(C=CC(=C2)SSC3=CC4=C(C=C3)C=C(C=C4)O)C=C1O,0,
COC(C1=CC=CC=C1)(C(=O)C2=CC=CC=C2)OC,0,
CN(C)CCSC1=NC2=CC=CC=C2C=C1C3=CC=CC=C3,0,
C1=CC=NC(=C1)C2=CC=CC=N2,0,
C1=C(C=C(C(=C1SSC2=C(C(=CC(=C2)Cl)Cl)O)O)Cl)Cl,0,
CC(C)(C)C1=CC(=C(C(=C1)N2N=C3C=CC=CC3=N2)O)C(C)(C)C,0,
CC(C)CCC(C(C)C1CCC2C1(CCC3C2CC=C4C3(CCC(C4)O)C)C)O,0,
C(CN(CCN)[N+](=NO)[O-])N,0,
CC1=CC(=C(C(=C1)C(C)(C)C)O)CC2=C(C(=CC(=C2)C)C(C)(C)C)O,0,
CCC1=CC(=C(C(=C1)C(C)(C)C)O)CC2=C(C(=CC(=C2)CC)C(C)(C)C)O,0,
C1=CC=C2C(=C1)C=CC(=N2)C3C(=O)C4=CC=CC=C4C3=O,0,
C(CSCCO)O,0,
C(CNCCN)CNCCN,0,
C1=CC(=C(C=C1C2=CC(=C(C(=C2Cl)Cl)Cl)Cl)Cl)Cl,0,
C1=CC(=C(C=C1C2=C(C=CC(=C2Cl)Cl)Cl)Cl)Cl,0,
C1=CC(=C(C(=C1C2=C(C(=C(C=C2)Cl)Cl)Cl)Cl)Cl)Cl,0,
C1=CC(=C(C=C1C2=C(C=C(C=C2)Cl)Cl)Cl)Cl,0,
C1=C(C=C(C(=C1Cl)Cl)Cl)C2=CC(=C(C(=C2Cl)Cl)Cl)Cl,0,
C1=CC(=C(C=C1Cl)C2=CC(=C(C(=C2Cl)Cl)Cl)Cl)O,0,
CC1=C(C(=C(C(=C1Br)Br)Br)Br)Br,0,
C1(=C(C(=C(C(=C1Cl)Cl)Cl)Cl)Cl)N,0,
C1=C(C(=C(C(=C1Cl)Cl)Cl)Cl)O,0,
C1CNCC(C2=CC(=C(C=C21)O)O)C3=CC=CC=C3,0,
C1=CC(=CC=C1C2=C(C=CC(=C2Cl)Cl)Cl)Cl,0,
C1=C(C(=C(C(=C1Cl)Cl)Cl)O)Cl,0,
C1=C2C3=CC(=C(C(=C3OC2=CC(=C1Cl)Cl)Cl)Cl)Cl,0,
CC(=O)OC1COC(C(C1OC(=O)C)OC(=O)C)N=C=S,0,
C1=CC(=CC=C1C=CC2=C(C(=CC(=C2)O)O)OC(C=O)C(C(C(CO)O)O)O)O,0,
C1=CC=C(C=C1)C2=C(C(=CC(=C2Cl)Cl)Cl)Cl,0,
C1(=C(C(=C(C(=C1Cl)Cl)O)Cl)Cl)O,0,
CC(C=C)(C(=O)O)OC(=O)NC1=CC(=CC(=C1)Cl)Cl,0,
C1=C(C=C(C(=C1O)Cl)Cl)Cl,0,
CS(=O)(=O)C1=C(C(=CC(=C1)Cl)Cl)Cl,0,
CC1=C(C(=O)C(=C(C1=O)C)CCCCC#CCCCC#CCO)C,0,
C1=CC(=C(C(=C1Cl)C2=C(C=CC(=C2Cl)Cl)Cl)Cl)Cl,0,
C1=C2C(=CC(=C1Br)Br)OC3=CC(=C(C=C3O2)Br)Br,0,
C1=C2C3=CC(=C(C=C3OC2=CC(=C1Cl)Cl)Cl)Cl,0,
C1=CC(=CC(=C1)O)CC(CO)C(CC2=CC(=CC=C2)O)CO,0,
C1C(C(C(=O)O1)CC2=CC(=CC=C2)O)CC3=CC(=CC=C3)O,0,
CCCCCCCCCCCCCCCC(=O)NC(CSCC(COC(=O)CCCCCCCCCCCCCCC)OC(=O)CCCCCCCCCCCCCCC)C(=O)O,0,
CCCCCCCCCCCCCCCC(=O)NC(CSCC(COC(=O)CCCCCCCCCCCCCCC)OC(=O)CCCCCCCCCCCCCCC)C(=O)NC(CO)C(=O)O,0,
CCCCCCCCCCCCCCCC(=O)NC(CSCC(COC(=O)CCCCCCCCCCCCCCC)OC(=O)CCCCCCCCCCCCCCC)C(=O)NC(CO)C(=O)NC(CO)C(=O)NC(CC(=O)N)C(=O)NC(C)C(=O)O,0,
CC(C(C)O)O,0,
C1=NC(=C2C(=N1)N(C=N2)C(C=O)OC(COP(=O)(O)OP(=O)(O)OP(=O)(O)O)C=O)N,0,
C1=CC=C2C=C(C(=CC2=C1)N)N,0,
CC1=C(C(=CC=C1)N)N,0,
C1=CC=C(C=C1)C2=C(C(=CC=C2)Cl)Cl,0,
C1=CC=C(C(=C1)C2=CC(=CC=C2)Cl)Cl,0,
C1CC(OC1COP(=O)(O)OP(=O)(O)OP(=O)(O)O)N2C=CC(=NC2=O)N,0,
C1CC(OC1COP(=O)(O)OP(=O)(O)OP(=O)(O)O)N2C=NC3=C2N=C(NC3=O)N,0,
C1=CC(=C(C(=C1)O)O)C(=O)O,0,
C1=CC=C2C=C(C(=CC2=C1)O)O,0,
C(C(COC(=O)C(Cl)Cl)O)O,0,
C1=CNC(=O)C(=C1)O,0,
COC1=C(C(=O)C2=CC=CC=C2C1=O)OC,0,
CCCCCCCCCCC1=C(C(=O)C(=C(C1=O)OC)OC)C,0,
CC1=CC=CC=C1C2=CC(=C(C=C2)N)C,0,
CC1=C(C(=CC=C1)O)C,0,
C1=CC(=C(C(=C1)O)[N+](=O)[O-])[N+](=O)[O-],0,
C1=CC2=C3C(=CC(=C2C(=C1)S(=O)(=O)N)[N+](=O)[O-])NC(=O)C(=O)N3,0,
C(C(C(=O)O)OP(=O)(O)O)OP(=O)(O)O,0,
CCCC(=O)C(=O)C,0,
CCC(=O)C(=O)C,0,
CC(CCC(C(C)(C)O)O)C1CCC2C1(CCCC2=CC=C3CC(CCC3=C)O)C,0,
CC(CCC1C(O1)(C)C)C2CCC3C2(CCC4C3CCC5C4(CCC(C5)O)C)C,0,
CCNC(=O)C1C(C(C(O1)N2C=NC3=C(N=C(N=C32)NCCC4=CC=C(C=C4)CCC(=O)O)N)O)O,0,
C1=CC(=CC=C1C2=C(C=C(C=C2)Cl)Cl)Cl,0,
C1=C(C(=CC(=C1Br)Br)Br)C2=CC(=C(C=C2Br)Br)Br,0,
C1=C(C(=CC(=C1Cl)Cl)Cl)C2=CC(=C(C=C2Cl)Cl)Cl,0,
C1=CC(=C(C=C1Cl)C2=CC(=C(C=C2Cl)Cl)Cl)Cl,0,
C1=C(C=C(C(=C1Cl)Cl)Cl)C2=CC(=C(C=C2Cl)Cl)Cl,0,
C1=CC(=C(C=C1C2=CC(=C(C=C2Br)Br)Br)Br)Br,0,
C1=CC(=CC=C1C2=C(C=CC(=C2)Cl)Cl)Cl,0,
C1=C(C(=CC(=C1Cl)Cl)Cl)O,0,
C1=C(C(=CC(=C1Cl)Cl)Cl)OCC(=O)O,0,
C1=C(C=C(C(=C1Br)O)Br)Br,0,
C1=CC=C(C=C1)C2=C(C=C(C=C2Cl)Cl)Cl,0,
C1=CC(=CC=C1N)OC2=C(C=C(C=C2Cl)Cl)Cl,0,
C1=CC(=CC=C1[N+](=O)[O-])OC2=C(C=C(C=C2Cl)Cl)Cl,0,
C1=C(C=C(C(=C1I)O)I)I,0,
C1C(OC(OC1C2=CC=CC=C2)C3=CC=CC=C3)C4=CC=CC=C4,0,
CN(C)CC1=CC(=C(C(=C1)CN(C)C)O)CN(C)C,0,
CCCCCC1=CC=C(C=C1)C=CC(=O)NC2=C(C=CC(=C2)Cl)C(=O)O,0,
CC(C(=O)O)OC1=CC=C(C=C1)Cl,0,
C1=CC=C2C(=C1)N=C(S2)C3=CC=C(C=C3)Cl,0,
CCCCCC=CC=CC=O,0,
C(CN)C(C(=O)O)N,0,
C1=CN=C(C=C1N)N,0,
C1=CN=C(N=C1N)N,0,
CC1=C(C=C(C=C1)N)N,0,
CC12CCC3C(C1CCC2(C#C)O)CCC4=C(C(=C(C=C34)Br)O)Br,0,
C1=CC(=C(C=C1Br)Br)O,0,
C1=CC(=C(C=C1Cl)Cl)N,0,
C1=CC(=C(C=C1Cl)Cl)CNN=CNC(=O)C2=C(N=C(C(=N2)Cl)N)N,0,
C1=CC=C(C(=C1)C2=CC=C(C=C2)Cl)Cl,0,
C1=CC(=C(C=C1Cl)Cl)O,0,
C1=CC(=C(C=C1Cl)Cl)OCC(=O)O,0,
CC(C)CCCCCOC(=O)COC1=C(C=C(C=C1)Cl)Cl,0,
C1=CC=C(C=C1)C=CC(=O)C2=C(C=C(C=C2)O)O,0,
CC1=CC(=C(C=C1)O)C,0,
C1=CC(=C(C=C1[N+](=O)[O-])[N+](=O)[O-])S(=O)(=O)OF,0,
C1=C(N=C(N1CCO)[N+](=O)[O-])[N+](=O)[O-],0,
C1=CC(=C(C=C1[N+](=O)[O-])[N+](=O)[O-])O,0,
CC1=C(C=C(C=C1)[N+](=O)[O-])[N+](=O)[O-],0,
CCCCOC(=O)COC1=C(C=C(C=C1)Cl)Cl,0,
CC=CC=CC=O,0,
CC1=CC(=CC(=C1O)C)C2=C(C3=C(N2)C=CC(=C3)OC)C,0,
CC(C)C(CCC(C)C1CCC2C1(CCC3C2CC=C4C3(CCC(C4)O)C)C)O,0,
C1=CC(=CC=C1NC2=CC3=C(C=C2)C=C(C=C3)S(=O)(=O)[O-])N4C(=O)C=CC4=O.[Na+],0,
C1CCC(CC1)(C2=CC=CC=C2)C(=O)OCCN3CCOCC3,0,
C1COCCN1C2=CC(=O)C3=C(O2)C(=CC=C3)C4=CC=CC=C4,0,
CC(CC(=O)O)C1CCC2C1(CCC3C2C(CC4C3(CCC(C4)O)C)O)C,0,
C1CCC(C1)C(C2=CC=C(C=C2)OCC3=NC4=CC=CC=C4C=C3)C(=O)O,0,
C1C(=O)NC(=O)S1,0,
CC1=CC=C(C=C1)NC2=CC3=C(C=C2)C=C(C=C3)S(=O)(=O)O,0,
CC1=CC(=C(C=C1)N)C,0,
C1=CC(=C(C=C1Cl)C2=C(C=CC(=C2)Cl)Cl)Cl,0,
C1=CC(=CC(=C1)Cl)C2=C(C=CC(=C2)Cl)Cl,0,
C(C1C(C(C(O1)COP(=O)(O)O)O)O)O,0,
CC1=C(C=CC(=C1)N)N,0,
C1=C(C(=O)C(=C(C1=O)Cl)SCC(C(=O)NCC(=O)O)NC(=O)CCC(C(=O)O)N)Cl,0,
C1=CC=C(C=C1)C2=C(C=CC(=C2)Cl)Cl,0,
C1=CC(=C(C=C1Cl)O)Cl,0,
CC1C(CC(O1)N2C=NC3=C(N=CN=C32)N)O,0,
C1=CC(=C(C=C1O)C(=O)O)O,0,
CC(CC1=CC(=C(C=C1OC)Br)OC)N,0,
CC1=C(C(=O)C(=C(C1=O)N2CC2)C)N3CC3,0,
CC1=CC(=O)C(=CC1=O)C,0,
CC(CCCC(C)(C)O)C1CCC2C1(CCC3C2CC=C4C3(CCC(C4)O)C)C,0,
C1=NC(=C2C(=N1)N(C=N2)C3C(C(C(O3)COP(=O)(O)OC4C(C(OC4N5C=NC6=C(N=CN=C65)N)COP(=O)(O)OC7C(C(OC7N8C=NC9=C(N=CN=C98)N)COP(=O)(O)O)O)O)O)O)N,0,
CC1=CC(=C(C=C1)C)O,0,
CC1=CC(=C(C=C1)C)N,0,
CC(CCCC(C(F)(F)F)(C(F)(F)F)O)C1CCC2C1(CCCC2=CC=C3CC(CC(C3=C)O)O)C,0,
CC(CCCC(C)C1CCC2C1(CCC3C2CC=C4C3(CCC(C4)O)C)C)CN,0,
C(=O)NC1C(=NC(=NC1=O)N)N,0,
CC1=C(C=CC=C1N)N,0,
C1=C(C(=O)C(=CC1=O)Br)Br,0,
C1=CC(=C(C(=C1)Br)O)Br,0,
C1=C(C=C(C(=C1Cl)O)Cl)[N+](=O)[O-],0,
C1=CC=C(C=C1)C2=C(C=CC=C2Cl)Cl,0,
C1=CC(=O)C=CC1=NC2=CC(=C(C(=C2)Cl)O)Cl,0,
C1=CC2=C(C=C1O)C(=O)C3=C(C2=O)C=C(C=C3)O,0,
CC(C)C1=CC2=C(C=C1)C=C(C=C2)C(C)C,0,
COC1=CC(=O)C=C(C1=O)OC,0,
CC1=CC(=O)C=C(C1=O)C,0,
CCCOCCOC(=O)C1=C(NC(=C(C1C2=CC=CC=C2OC(F)F)C(=O)OCCOCCC)C)C,0,
CC1=CC2=C(C=C1)C=C(C=C2)C,0,
CC1=C(C=CC=C1[N+](=O)[O-])[N+](=O)[O-],0,
CC1(C=C(C(=O)C(=C1)C(C)(C)C)C(C)(C)C)OO,0,
CC1(C=C(C(=O)C(=C1)C(C)(C)C)C(C)(C)C)O,0,
CC(C)(C)C1=CC(=CC(=C1O)C(C)(C)C)CO,0,
CC(C)(C)C1=CC(=C)C=C(C1=O)C(C)(C)C,0,
CC(C)(C)C1=C(C(=CC=C1)C(C)(C)C)O,0,
CC1=C(C(=CC=C1)C)O,0,
CC1=C(C(=CC=C1)C)N,0,
CC1=C(C(=O)C2=C(C1=O)N3CC(CC3=C2COC(=O)N)N)N,0,
C1=CC2=C(C=C1Cl)OC3=C(O2)C=C(C=C3)Cl,0,
C1=CC=C2C(=C1)C(=O)OC23C4=CC(=C(C=C4OC5=CC(=C(C=C35)Cl)O)O)Cl,0,
C1=CC(=CC2=C1C=CC(=C2)O)O,0,
C1C2=C(C=CC(=C2)[N+](=O)[O-])C3=C1C=C(C=C3)[N+](=O)[O-],0,
CC1=C2C(CC1C3=COC=C3)OC4C2(C(C5(C6C4OCC6(C=CC5=O)C)C)CC(=O)OC)C,0,
CC(=O)NCCS,0,
CC(=O)NC1=CC2=C(C=C1)C3=CC=CC=C3C2,0,
CCCCOC(=O)CC(CC(=O)OCCCC)(C(=O)OCCCC)OC(=O)C,0,
C=CCC1=CC=CC=C1O,0,
CN1C2=C(N=C(C=C2)C3=CC=C(C=C3)O)N=C1N,0,
CN1C2=C(N=CC(=C2)C3=CC=CC=C3)N=C1N,0,
CC(C)(CO)N,0,
CC1=CC2=C(C=CC=N2)C3=C1N(C(=N3)N)C,0,
CC1=C(N=C2C(=N1)C=CC3=C2N=C(N3C)N)C,0,
CC1=CN=C2C=CC3=C(C2=N1)N=C(N3C)N,0,
CC1=CC2=C(NC3=CC=CC=C32)N=C1N,0,
CN1C2=C(C3=C(C=C2)N=CC=C3)N=C1N,0,
CC1=C(C=C(C=C1[N+](=O)[O-])[N+](=O)[O-])N,0,
C1=C(N=C2C(=O)NC(=NC2=N1)N)C=O,0,
CC1=CN=C2C=C(C3=C(C2=N1)N=C(N3C)N)CO,0,
CC1=CC(=C(C=C1)O)N,0,
CSC=CC(C(=O)O)N,0,
C1=CC=C(C=C1)CCC(C(=O)O)N,0,
C(CP(=O)(O)O)C(C(=O)O)N,0,
CC1=CC(=NC=C1)N,0,
C1=CC(=C(C=C1[N+](=O)[O-])O)N,0,
C(CC(C(=O)O)N)CP(=O)(O)O,0,
CC1=CC=CN2C1=NC3=C2N=C(C=C3)N,0,
C1=CC=C2C(=C1)C3=C(N2)N=C(C=C3)N,0,
CC(=O)C1=CC=CC=C1N,0,
C1C2CC3CC1CC(C2)C3N,0,
C(CC(C(=O)O)N)CC(=O)O,0,
C1=CC=C2C(=C1)NC(=N2)N,0,
C1=CC=C(C=C1)C2=CC=CC=C2N,0,
C1C2=CC=CC=C2C3=C1C=C(C=C3)N,0,
C1C(CC2=CC=CC=C21)N,0,
C1=CC=C(C(=C1)N)O,0,
C1=C2C(=NC(=N1)N)N=CN2,0,
C1=CN=C(N=C1)N,0,
CON=C(C1=CSC(=N1)N)C(=O)O,0,
C1=CC=C(C(=C1)N)S,0,
COC1=CC=CC=C1N,0,
C1=CC=C2C=C3C=C(C=CC3=CC2=C1)N,0,
C1=C(C(=CC2=C1OC3=CC(=C(C=C3O2)Br)Br)I)N=[N+]=[N-],0,
C1=CC(=O)C(=O)C=C1,0,
C1CC2=CC=CC=C2C(=O)C1CNCCC3=CC(=C(C=C3)O)I,0,
CC(=O)N(C1=CC2=C(C=C1)C3=CC=CC=C3C2)Br,0,
C(CBr)N,0,
CCCCCCCCCCCCCCC(C(=O)O)Br,0,
C1=CC=C(C(=C1)O)Br,0,
CCC(C)O,0,
CC=CC=O,0,
C1=CC(=O)C(=CC1=O)Cl,0,
C1=CC(=C(C=C1[N+](=O)[O-])Cl)N,0,
C1=CC=C(C=C1)NC(=O)CCl,0,
C1=NC2=C(N=C(N=C2N1C3C(C(C(O3)CO)O)O)Cl)N,0,
C1=CC=C(C(=C1)N)Cl,0,
C1=CC=C(C(=C1)C=O)Cl,0,
C1=CC=C(C=C1)C2=CC=CC=C2Cl,0,
C(CCl)N,0,
CCSCCCl,0,
C(CCl)N=C=O,0,
C1=CC=NC(=C1)CCl,0,
CCC1=C(C(=CC=C1)CC)NC(=O)CCl,0,
CNC(=O)C1C(C(C(O1)N2C=NC3=C(N=C(N=C32)Cl)NCC4=CC(=CC=C4)I)O)O,0,
C1CCC(C1)NC2=C3C(=NC(=N2)Cl)N(C=N3)C4C(C(C(O4)CO)O)O,0,
CC1=CC=CC=C1O,0,
C1=CN(C(=O)N=C1N)C2C(C(C(O2)CO)O)C#N.Cl,0,
C#CCCC(=C(C#N)C(=O)NC1=CC=C(C=C1)C(F)(F)F)O,0,
C1C(O1)C#N,0,
CCNC(=O)NC(=O)C(=NOC)C#N,0,
C1C(C(OC1N2C=NC3=C(N=CN=C32)N)CO)O,0,
C1C(C(OC1N2C=CC(=NC2=O)N)COP(=O)(O)OP(=O)(O)OP(=O)(O)O)O,0,
C1C(C(OC1N2C=NC3=C2N=C(NC3=O)N)COP(=O)(O)O)O,0,
C1C(C(OC1OP(=O)(O)O)CO)O,0,
CC1=CN(C(=O)NC1=O)C2CC(C(O2)OP(=O)(O)OCC3C(CC(O3)N4C=NC5=C(N=CN=C54)N)O)CO,0,
C1C(C(OC1N2C=CC(=O)NC2=O)COP(=O)(O)O)O,0,
CC1=NC2=NC=C(N=C2C(=N1)N)CNC3=CC=C(C=C3)C(=O)NC(CCC(=O)O)C(=O)O,0,
C1=CC=C(C(=C1)Cl)Cl,0,
CCOCCO,0,
CCC(CCCC(=O)O)COC(=O)C1=CC=CC=C1C(=O)O,0,
CCCCC(CC)C(=O)O,0,
CCCCC(CC)CO,0,
CCCCC(CC)COC(=O)C=C,0,
CCCCC(CC)COP(=O)(OC1=CC=CC=C1)OC2=CC=CC=C2,0,
CC=C1C(CC(N1C)C)(C2=CC=CC=C2)C3=CC=CC=C3,0,
C#CC1=CC2=CC=CC=C2C=C1,0,
C1=CC=C(C(=C1)C(=O)O)F,0,
CCCCCCCCCCCCCCC(C(=O)O)F,0,
C1=CC(=C(C=C1C2=C(C(=O)C3=C(C=C(C=C3O2)O)O)OC4C(C(C(C(O4)CO)O)O)OC(=O)C5=CC(=C(C(=C5)O)O)O)O)O,0,
C(CC(=O)NC(CSC1=C(C(=O)C(=C(C1=O)Cl)Cl)Cl)C(=O)NCC(=O)O)C(C(=O)O)N,0,
CCC1(CC2C3=CC(=C(C=C3CCN2CC1CC(C)C)OC)OC)O,0,
CCCCCC(=O)C,0,
CCCCC=CC=O,0,
CCCC=CC=O,0,
CCCCC#CC1=NC(=C2C(=N1)N(C=N2)C3C(C(C(O3)C(=O)NCC)O)O)N,0,
CCCCCCCCOC1=CC(=C(C=C1)C(=O)C2=CC=CC=C2)O,0,
CC(=O)NC1=CC=CC=C1O,0,
CN1C2=C(N=CC(=C2)C3=CC=CC=C3)N=C1NO,0,
CN1C2=C(C3=C(C=C2)N=CC=C3)N=C1NO,0,
CCNC1=NC(=O)NC(=N1)NC(C)C,0,
C=CCC1=CC(=C(C=C1)O)O,0,
CC1=CC2=C(C(=C1O)O)C(=O)C3=C(C2=O)C=CC=C3O,0,
CC1=CC2=C(C(=C1O)O)C(=O)C3=C(C2=O)C=C(C=C3O)O,0,
CC12CCC3C(C1CCC2O)CCC4=CC(=C(C=C34)O)O,0,
CC12CCC3C(C1CC(C2O)O)CCC4=CC(=C(C=C34)O)O,0,
CC12CCC3C(C1CCC2=O)CCC4=CC(=C(C=C34)O)O,0,
C=CC(=O)OCCO,0,
C(CSSCCO)O,0,
CC(C)(C(=O)O)O,0,
C1=CC=C(C(=C1)CC(=O)O)O,0,
CC(C)CCCC(C)CCCC(C)CCCC(C)C(C(=O)O)O,0,
CC(COC(=O)C(=C)C)O,0,
C1=CC(=O)NC=C1,0,
C1=CNC(=O)N=C1,0,
C1=CC=C2C(=C1)C=CC(=O)N2,0,
C1=CC2=C(C=C1I)OC3=CC(=C(C=C3O2)Br)Br,0,
CCCCCCCCCCCCCCC(C=O)I,0,
CC(=O)NCCC1=C(NC2=C1C=C(C=C2)OC)I,0,
CC(C)C1=CC=CC=C1O,0,
CSCCC(=O)C(=O)O,0,
C1=CC=C2C(=C1)NC(=S)N2,0,
C(CSCC(CS)C(=O)O)N=C(N)N,0,
CC1=C2C(=CC=C1)NC(=S)N2,0,
COC1=CC(=O)C2=CC=CC=C2C1=O,0,
CCN(CC)CCOC(=O)C1=CC(=C(C=C1OC)N)Cl,0,
COC1=C(C=CC(=C1)N=NC2=CC=CC=C2)N,0,
COC1=C(C(=C(C=C1)C2=CC=C(C(=O)C=C2)OC)OC)OC,0,
COCC=O,0,
COC1=CC=CC=C1C(=O)O,0,
COC1=CC=CC=C1C=CC=O,0,
CC12CCC3C(C1CCC2O)CCC4=CC(=C(C=C34)OC)O,0,
CC12CCC3C(C1CCC2=O)CCC4=CC(=C(C=C34)OC)O,0,
COC1(COC2=CC=CC=C2O1)C3=NCCN3,0,
CC(CO)OC,0,
CC1=CC(=O)C=CC1=O,0,
CC1=C(C=CC(=C1)O)O,0,
CC(=CC1=CC=C(C=C1)CC2=CN=CC=C2)C(=O)O,0,
CC1=C(C=CC(=C1)Cl)OCC(=O)O,0,
CC1=C(C=CC(=C1)Cl)OCCCC(=O)O,0,
CN1C(=O)C=CS1,0,
CC1=C(C2=C(N1)C=CC(=C2)O)CCN,0,
CC(C)(C(=O)O)NC,0,
CC1=CC2=CC3=CC=CC=C3C=C2C=C1,0,
CC1=CC2=C(C=C1)C(=O)C3=CC=CC=C3C2=O,0,
CC1=CC2=C(C=C1)C=CC3=CC4=CC=CC=C4C=C32,0,
CC1=C[CH-]C=C1.[C-]#[O+].[C-]#[O+].[C-]#[O+].[Mn],0,
CC1=CC2=C(CCC3C2CCC4(C3CCC4O)C)C=C1O,0,
CC1=CC=CO1,0,
CC1=C2C(=C3C=CC(=CC3=N2)OC)C=CN1C,0,
CC1=NC=C(N1)CCN,0,
CC1=NC=CN1,0,
CC1=CC2=CC=CC=C2N1,0,
CC1=CC2=CC=CC=C2C=C1,0,
CC1=CC2=C(C=C1)C3=CC=CC=C3C=C2,0,
CC1=NC2=CC=CC=C2C=C1,0,
CC1=C(C=CC=C1O)O,0,
C1=CC=C2C=C(C=CC2=C1)S,0,
C1=CC=C2C=C(C=CC2=C1)O,0,
C[N+](C)(C)CCC(=O)C1=CC2=CC=CC=C2C=C1.[I-],0,
C1=CC=C2C=C(C=CC2=C1)N,0,
CCCCC1(CC2=CC(=C(C(=C2C1=O)Cl)Cl)OCC(=O)O)C3CCCC3,0,
C1=CC(=C(C=C1N)[N+](=O)[O-])N,0,
COC1=CC=CC=C1[N+](=O)[O-],0,
C1=CC=C2C=C3C=C(C=CC3=CC2=C1)[N+](=O)[O-],0,
C1C2=CC=CC=C2C3=C1C=C(C=C3)[N+](=O)[O-],0,
C1=CC=C2C=C(C=CC2=C1)[N+](=O)[O-],0,
C1=CC=C(C(=C1)[N+](=O)[O-])O,0,
C1=CC=C(C(=C1)CC(=O)O)[N+](=O)[O-],0,
C1=CC=C(C(=C1)[N+](=O)[O-])[Se]C#N,0,
CC(C)[N+](=O)[O-],0,
C1C2=CC=CC=C2C3=C1C=C(C=C3)N=O,0,
CC1=CC=CC=C1[N+](=O)[O-],0,
CCCCCCCCN1C(=O)C=CS1,0,
CCCCCCC=CC=O,0,
CCCCCCC#CC(=O)OC,0,
CCCN(CCC1=CC=CC=C1)C2CCC3=C(C2)C=CC=C3O,0,
CCCCCCC(C)O,0,
CCCCCC=CC=O,0,
CCCCCCC(C)OC(=O)CC(=O)CBr,0,
C1C2=CC=CC=C2NC1=O,0,
CCC=CC=O,0,
CC(C)(C1=CC=CC=C1)O,0,
CC1(C([N+](=C(N1[O])C2=CC=CC=C2)[O-])(C)C)C,0,
C1=CC=C(C=C1)C2=CC(=O)C3=CC=CC=C3N2,0,
C1=CC=C(C=C1)NC2=NC(=C3C(=N2)N(C=N3)C4C(C(C(O4)CO)O)O)N,0,
C1C(C1C(=O)O)C2=CC=CC=C2,0,
C1=CC=C(C=C1)C2=CC=CC=C2O,0,
C1CCNC(=O)C1,0,
CCCC(CC=C)C(=O)O,0,
CCC(C)C1=CC=CC=C1O,0,
C1=CC(=C(C(=C1C=CC(=O)O)SCC(C(=O)NCC(=O)O)NC(=O)CCC(C(=O)O)N)O)O,0,
C1=CC(=C(C=C1O)SCC(C(=O)NCC(=O)O)NC(=O)CCC(C(=O)O)N)O,0,
CC1=CC(=C(C=C1)O)C(C)(C)C,0,
CC(C)(C)C1=C(C=CC(=C1)O)O,0,
CC(C)(C)C1=CC=CC=C1O,0,
CCCCCCCCCCCCCCC1(CO1)C(=O)O,0,
C(C(C(=O)O)S)C(=O)O,0,
CC1=C(C=CC(=C1)C2=CC(=C(C=C2)N)C)N,0,
CC1=CC=CC=C1C(=O)O,0,
CC1=CC=CC=C1N,0,
C[N+](C)(C)CCSS(=O)(=O)C.[Br-],0,
CC1=CC=CC=C1C,0,
C1CNCC=C1C2=CNC3=C2NC(=O)C=C3,0,
CC(C1=CC(=CC=C1)C(=O)O)NCC(CP(=O)(CC2CCCCC2)O)O,0,
C1=CC(=CC(=C1)C(=O)N)C2C(C(C(O2)CO)O)O,0,
C[N+](C)(C)NCCC(=O)[O-],0,
CC1(C(C1C(=O)O)C=C(Cl)Cl)C,0,
C1CN(CC(N1)C(=O)O)CCCP(=O)(O)O,0,
CC(C)CCCC(C)C1CCC2(C1(CCC3=C2CCC4C3(CCC(C4(C)C)O)C)C)CO,0,
CCCCCCC(C)(C)C1=CC(=C(C=C1)C2CC(CCC2CCCO)O)O,0,
COC1=CC=CC=C1CNC2CCCNC2C3=CC=CC=C3,0,
C1=C(C=C(C(=C1Br)Br)Br)C2=CC(=C(C(=C2)Br)Br)Br,0,
C1=CC(=C(C=C1C2=CC(=C(C=C2)Br)Br)Br)Br,0,
COC1=C(C=C(C=C1)C2=C(C(=O)C3=C(O2)C(=C(C(=C3OC)OC)OC)OC)OC)OC,0,
C1=CC(=C(C=C1NC(=O)C2=C(C(=CC(=C2)Cl)Cl)O)Cl)Cl,0,
C1=CC(=C(C=C1C=CC2=CC(=CC(=C2)O)O)O)O,0,
CS(=O)(=O)C1=CC=C(C=C1)C2=C(C(=O)OC2)C3=CC(=C(C=C3)F)F,0,
COC1=C(C=C(C=C1)C=CC(=O)O)OC,0,
C1=CC=C2C(=C1)C(=O)OC2(C3=CC(=C(C(=C3)Br)O)Br)C4=CC(=C(C(=C4)Br)O)Br,0,
CC1=CC(=CC(=C1N)C)C2=CC(=C(C(=C2)C)N)C,0,
C1CC(C(NC1)C2=CC=CC=C2)OCC3=CC(=CC(=C3)C(F)(F)F)C(F)(F)F,0,
C1=CC(=C(C=C1C2=CC(=C(C(=C2)Cl)N)Cl)Cl)N,0,
C1=CC(=C(C=C1OC2=C(C=C(C=C2I)CC(=O)O)I)I)O,0,
C1CC2CC1C(C2(C(F)(F)F)C(F)(F)F)(C#N)C#N,0,
CCCN1CCCC(C1)C2=CC=CC(=C2)C#N,0,
C1=CC(=C(C=C1C2=CC(=C(C=C2)N)Cl)Cl)N,0,
C1=CC(=CC(=C1)Cl)C2=CC(=CC=C2)Cl,0,
CCN1C2=CC=CC=C2SC1=CC=CC3=[N+](C4=CC=CC=C4S3)CC.[I-],0,
C1=CC(=C(C=C1CC(C(=O)O)N)I)OC2=CC(=C(C=C2)O)I,0,
CC(=CCOP(=O)(O)OP(=O)(O)O)C,0,
CN(C)CCCC1=C(C=CC(=C1)C(=O)NC2=CC=C(C=C2)C3=CC=NC=C3)O,0,
CCC(=C(C1=CC=CC=C1)C2=CC=C(C=C2)C=CC(=O)O)C3=CC=CC=C3,0,
C1=CC(=C(C=C1N=NC2=CC(=C(C=C2)Cl)Cl)Cl)Cl,0,
C1=CC(=C(C=C1N=[N+](C2=CC(=C(C=C2)Cl)Cl)[O-])Cl)Cl,0,
CCCN1CCOC2C1COC3=C2C=C(C=C3)O,0,
C1CN(CCC1(C2=CC=C(C=C2)Cl)O)CC3=CNC4=CC=CC=C43,0,
C1=CC(=C(C=C1C2=CC(=C(C(=C2)Cl)Cl)Cl)Cl)Cl,0,
C1(=C(C(=C(C(=C1Cl)Cl)Cl)Cl)O)O,0,
CC1=CN=C2C(=C1C)C=CC3=C(C(=CN=C32)C)C,0,
CC1=CC2=NC=C(N=C2C3=C1N(C(=N3)N)C)C,0,
C1=CC(=CC=C1C2=C(C3=C(S2)C=C(C=C3)O)C(=O)C4=CC=C(C=C4)N=[N+]=[N-])O,0,
CC(=O)NC1=CC(=C(C=C1)Cl)Cl,0,
C1=CC(=C(C=C1N)Cl)Cl,0,
C1=CC=C2C(=C1)C(=C(OC2=O)Cl)Cl,0,
CN(C1CCCCC1N2CCCC2)C(=O)CC3=CC(=C(C=C3)Cl)Cl,0,
C1=CC(=C(C=C1O)Cl)Cl,0,
CC1=C(C(CC=C1)(C)C)C=CC(=CC=CC(=CC(=O)O)C)C,0,
CC1=C2CCNC(=O)C2=CC=C1,0,
C1CC(=O)OC2=CC=CC=C21,0,
C1=CC=C2C=C3C(=CC2=C1)C=CC4=C3C5C(O5)C(C4O)O,0,
CC(=O)C1=CC(=C(C=C1)O)O,0,
C1=CC(=C(C=C1C=NO)O)O,0,
C1=CC(=C(C=C1C(=O)NO)O)O,0,
C1=CC=C2C(=C1)C(=O)C=C(O2)C3=CC(=C(C=C3)O)O,0,
C1=CC(=C(C=C1C(C(=O)O)O)O)O,0,
C1=CC(=C(C=C1CC=O)O)O,0,
C1=CC(=C(C=C1CC(=O)O)O)O,0,
C1CN=C(N1)NC2=CC(=C(C=C2)O)O,0,
C1=CC(=C(C=C1CCO)O)O,0,
C1=CC(=C(C=C1CC(C(=O)O)O)O)O,0,
C1=CC(=C(C=C1CCC(=O)O)O)O,0,
CC1=C(C=C(C=C1)O)C,0,
C=CC1CO1,0,
C1C(O1)C(CO)O,0,
CC(CC1=CC2=C(C=C1)OCO2)N,0,
CC1=C(C=C(C=C1)N)C,0,
C1=C(C(=O)NC(=C1Cl)Cl)Cl,0,
CC(=O)NC(CC1=CNC2=CC=CC=C21)C(=O)OCC3=CC(=CC(=C3)C(F)(F)F)C(F)(F)F,0,
C1=C(C=C(C=C1N)N)C(=O)O,0,
C1=CC(=C(C=C1Br)Br)OC2=C(C=C(C=C2Br)Br)O,0,
CCC1C(=C(NC(=C1C(=O)OCC)C)C)C(=O)OCC,0,
C1=CC(=CC=C1C2=CC(=C(C(=C2)Cl)N)Cl)N,0,
C1=CC=C(C=C1)C2=CC(=CC(=C2)Cl)Cl,0,
C1=C(C=C(C=C1O)O)C(C(=O)O)N,0,
C1=C(C=C(C(=C1C(=O)O)O)I)I,0,
C1=CC(=CC=C1O)OC2=C(C=C(C=C2I)CC(C(=O)O)N)I,0,
CC1C(=O)N(C(S1)C2=CN=CC=C2)C.Cl,0,
CC(C)(C)C1=CC(=CC(=C1)C(=O)C=CC2=CC=C(C=C2)C(=O)O)C(C)(C)C,0,
C1=CC=C(C=C1)CN2C3=CC=CC=C3C(=N2)C4=CC=C(O4)CO,0,
CC1=CC(=CC(=C1)O)C,0,
C1=CC=C2C(=C1)C3=C4C(=C2[N+](=O)[O-])C=CC5=C(C=CC(=C54)C=C3)[N+](=O)[O-],0,
CC(=CCCC(=CCCC(=CC=CC(=CC(=O)O)C)C)C)C,0,
CC(CCC(=O)O)C1CCC2C1(CCC3C2C(CC4C3(CCC(C4)O)C)(C)O)C,0,
CN1C=NC2=C1C(=O)N(C(=O)N2C)CC#C,0,
C1=CC2=C(C=C1O)C(=O)OC3=C2C=CC(=C3)O,0,
CCSCC1=CC2=C(C=C1)N3C4CC(C(O4)(N5C6=C(C=C(C=C6)CSCC)C7=C8CNC(=O)C8=C2C3=C75)C)(C(=O)OC)O,0,
CC1=CC2C(C(C1=O)O)(C3(CC(C(C34CO4)O2)OC(=O)C)C)CO,0,
CC(=O)C1=CN=CC=C1,0,
CCC(C)OC(=O)C(CN1C=NC2=C(N=CN=C21)N)O,0,
CC(C)(C=C)C1=CC2=C(C=C3C(=C2)C=CO3)OC1=O,0,
C1=CC=C2C(=C1)C3=C4C2=CC=CC4=C(C=C3)N,0,
C1=CC(=CC(=C1)O)N,0,
CCCCP(=O)(CCCN)O,0,
C(CN)C[P+](=O)O,0,
C1=CC(=C(N=C1)C=NNC(=S)N)N,0,
C1=CC=C(C=C1)C(=O)C2=CN=CC=C2,0,
CCN(CC)CCOC1CCC2(C3CCC4(C(C3CC=C2C1)CCC4=O)C)C.Cl,0,
